Hit	DB	Accession	Description	Organism	Length	Score(Bits)	Identities(%)	Positives(%)	E()
1	TR	B5VN99	S-adenosylmethionine synthase OS=Saccharomyces cerevisiae (strain AWRI1631) OX=545124 GN=AWRI1631_122210 PE=3 SV=1	Saccharomyces cerevisiae (strain AWRI1631)	382	1982	100.0	100.0	0.0
2	TR	N1NYC1	S-adenosylmethionine synthase OS=Saccharomyces cerevisiae (strain CEN.PK113-7D) OX=889517 GN=CENPK1137D_559 PE=3 SV=1	Saccharomyces cerevisiae (strain CEN.PK113-7D)	382	1982	100.0	100.0	0.0
3	TR	H0GKB7	S-adenosylmethionine synthase OS=Saccharomyces cerevisiae x Saccharomyces kudriavzevii (strain VIN7) OX=1095631 GN=VIN7_3311 PE=3 SV=1	Saccharomyces cerevisiae x Saccharomyces kudriavzevii (strain VIN7)	382	1982	100.0	100.0	0.0
4	TR	A0A0L8VKU0	S-adenosylmethionine synthase OS=Saccharomyces boulardii (nom. inval.) OX=252598 GN=KO01_03434 PE=3 SV=1	Saccharomyces boulardii (nom. inval.)	382	1982	100.0	100.0	0.0
5	TR	B3RH72	S-adenosylmethionine synthase OS=Saccharomyces cerevisiae (strain RM11-1a) OX=285006 GN=SCRG_04140 PE=3 SV=1	Saccharomyces cerevisiae (strain RM11-1a)	382	1982	100.0	100.0	0.0
6	TR	A7A171	S-adenosylmethionine synthase OS=Saccharomyces cerevisiae (strain YJM789) OX=307796 GN=SAM1 PE=3 SV=1	Saccharomyces cerevisiae (strain YJM789)	382	1982	100.0	100.0	0.0
7	SP	P10659	S-adenosylmethionine synthase 1 OS=Saccharomyces cerevisiae (strain ATCC 204508 / S288c) OX=559292 GN=SAM1 PE=1 SV=2	Saccharomyces cerevisiae (strain ATCC 204508 / S288c)	382	1982	100.0	100.0	0.0
8	TR	A0A6C1DVS8	S-adenosylmethionine synthase OS=Saccharomyces pastorianus OX=27292 GN=SAM1_1 PE=3 SV=1	Saccharomyces pastorianus	382	1981	99.7	100.0	0.0
9	TR	C7GIW9	S-adenosylmethionine synthase OS=Saccharomyces cerevisiae (strain JAY291) OX=574961 GN=SAM1 PE=3 SV=1	Saccharomyces cerevisiae (strain JAY291)	382	1981	99.7	100.0	0.0
10	TR	A0A8B8UVZ3	S-adenosylmethionine synthase OS=Saccharomyces paradoxus OX=27291 GN=SPAR_L02150 PE=3 SV=1	Saccharomyces paradoxus	382	1973	99.5	100.0	0.0
11	TR	A0AA35NEG5	S-adenosylmethionine synthase OS=Saccharomyces mikatae IFO 1815 OX=226126 GN=SMKI12G2380 PE=3 SV=1	Saccharomyces mikatae IFO 1815	382	1972	99.2	100.0	0.0
12	TR	G2WJ13	S-adenosylmethionine synthase (Fragment) OS=Saccharomyces cerevisiae (strain Kyokai no. 7 / NBRC 101557) OX=721032 GN=K7_SAM1 PE=3 SV=1	Saccharomyces cerevisiae (strain Kyokai no. 7 / NBRC 101557)	378	1950	100.0	100.0	0.0
13	TR	H0GYB8	S-adenosylmethionine synthase OS=Saccharomyces cerevisiae x Saccharomyces kudriavzevii (strain VIN7) OX=1095631 GN=VIN7_8708 PE=3 SV=1	Saccharomyces cerevisiae x Saccharomyces kudriavzevii (strain VIN7)	382	1945	97.9	99.2	0.0
14	TR	J6ELI5	S-adenosylmethionine synthase OS=Saccharomyces kudriavzevii (strain ATCC MYA-4449 / AS 2.2408 / CBS 8840 / NBRC 1802 / NCYC 2889) OX=226230 GN=YLR180W PE=3 SV=1	Saccharomyces kudriavzevii (strain ATCC MYA-4449 / AS 2.2408 / CBS 8840 / NBRC 1802 / NCYC 2889)	382	1945	97.9	99.2	0.0
15	TR	J8LKU5	S-adenosylmethionine synthase OS=Saccharomyces arboricola (strain H-6 / AS 2.3317 / CBS 10644) OX=1160507 GN=SU7_2243 PE=3 SV=1	Saccharomyces arboricola (strain H-6 / AS 2.3317 / CBS 10644)	382	1944	98.2	99.5	0.0
16	TR	A0AA35J3L6	S-adenosylmethionine synthase OS=Saccharomyces uvarum OX=230603 GN=SUVC12G2280 PE=3 SV=1	Saccharomyces uvarum	382	1938	97.4	98.7	0.0
17	TR	A0A6C1EBN4	S-adenosylmethionine synthase OS=Saccharomyces pastorianus OX=27292 GN=SAM1_2 PE=3 SV=1	Saccharomyces pastorianus	382	1937	97.1	98.7	0.0
18	TR	G0VAS2	S-adenosylmethionine synthase OS=Naumovozyma castellii OX=27288 GN=NCAS0B08650 PE=3 SV=1	Naumovozyma castellii	382	1919	96.1	99.0	0.0
19	TR	A0A8H2ZGD6	S-adenosylmethionine synthase OS=Maudiozyma barnettii OX=61262 GN=KABA2_02S16632 PE=3 SV=1	Maudiozyma barnettii	382	1872	93.5	96.9	0.0
20	TR	A0A9P7B8S0	S-adenosylmethionine synthase OS=Maudiozyma exigua OX=34358 GN=SAM2 PE=3 SV=1	Maudiozyma exigua	382	1867	93.5	96.6	0.0
21	TR	A0A0W0ERK5	S-adenosylmethionine synthase OS=Candida glabrata OX=5478 GN=AO440_000168 PE=3 SV=1	Candida glabrata	382	1865	93.7	97.9	0.0
22	TR	Q6FX78	S-adenosylmethionine synthase OS=Candida glabrata (strain ATCC 2001 / BCRC 20586 / JCM 3761 / NBRC 0622 / NRRL Y-65 / CBS 138) OX=284593 GN=SAM1 PE=3 SV=1	Candida glabrata (strain ATCC 2001 / BCRC 20586 / JCM 3761 / NBRC 0622 / NRRL Y-65 / CBS 138)	382	1863	93.7	97.6	0.0
23	TR	A0A1X7R3M2	S-adenosylmethionine synthase OS=Maudiozyma saulgeensis OX=1789683 GN=KASA_0N00605G PE=3 SV=1	Maudiozyma saulgeensis	382	1862	93.2	96.6	0.0
24	TR	A0AAV5S013	S-adenosylmethionine synthase OS=Maudiozyma humilis OX=51915 GN=DAKH74_032680 PE=3 SV=1	Maudiozyma humilis	382	1857	92.7	96.6	0.0
25	TR	H0GTH8	S-adenosylmethionine synthase OS=Saccharomyces cerevisiae x Saccharomyces kudriavzevii (strain VIN7) OX=1095631 GN=VIN7_6561 PE=3 SV=1	Saccharomyces cerevisiae x Saccharomyces kudriavzevii (strain VIN7)	384	1846	92.3	97.4	0.0
26	TR	J6EB67	S-adenosylmethionine synthase OS=Saccharomyces kudriavzevii (strain ATCC MYA-4449 / AS 2.2408 / CBS 8840 / NBRC 1802 / NCYC 2889) OX=226230 GN=YDR502C PE=3 SV=1	Saccharomyces kudriavzevii (strain ATCC MYA-4449 / AS 2.2408 / CBS 8840 / NBRC 1802 / NCYC 2889)	384	1846	92.3	97.4	0.0
27	TR	B5VH29	S-adenosylmethionine synthase OS=Saccharomyces cerevisiae (strain AWRI1631) OX=545124 GN=AWRI1631_47210 PE=3 SV=1	Saccharomyces cerevisiae (strain AWRI1631)	384	1845	92.6	97.1	0.0
28	TR	T2A536	S-adenosylmethionine synthase OS=Saccharomyces cerevisiae OX=4932 GN=SAM2 PE=3 SV=1	Saccharomyces cerevisiae	384	1845	92.6	97.1	0.0
29	TR	A0A6C1DQU3	S-adenosylmethionine synthase OS=Saccharomyces pastorianus OX=27292 GN=SAM2_1 PE=3 SV=1	Saccharomyces pastorianus	384	1845	92.6	97.1	0.0
30	TR	N1P7G8	S-adenosylmethionine synthase OS=Saccharomyces cerevisiae (strain CEN.PK113-7D) OX=889517 GN=CENPK1137D_4331 PE=3 SV=1	Saccharomyces cerevisiae (strain CEN.PK113-7D)	384	1845	92.6	97.1	0.0
31	TR	H0GET2	S-adenosylmethionine synthase OS=Saccharomyces cerevisiae x Saccharomyces kudriavzevii (strain VIN7) OX=1095631 GN=VIN7_1175 PE=3 SV=1	Saccharomyces cerevisiae x Saccharomyces kudriavzevii (strain VIN7)	384	1845	92.6	97.1	0.0
32	TR	G2WBN0	S-adenosylmethionine synthase OS=Saccharomyces cerevisiae (strain Kyokai no. 7 / NBRC 101557) OX=721032 GN=K7_SAM2 PE=3 SV=1	Saccharomyces cerevisiae (strain Kyokai no. 7 / NBRC 101557)	384	1845	92.6	97.1	0.0
33	TR	A0A0L8VU17	S-adenosylmethionine synthase OS=Saccharomyces boulardii (nom. inval.) OX=252598 GN=KO01_01266 PE=3 SV=1	Saccharomyces boulardii (nom. inval.)	384	1845	92.6	97.1	0.0
34	TR	A6ZZ91	S-adenosylmethionine synthase OS=Saccharomyces cerevisiae (strain YJM789) OX=307796 GN=SAM2 PE=3 SV=1	Saccharomyces cerevisiae (strain YJM789)	384	1845	92.6	97.1	0.0
35	TR	C7GKT8	S-adenosylmethionine synthase OS=Saccharomyces cerevisiae (strain JAY291) OX=574961 GN=SAM2 PE=3 SV=1	Saccharomyces cerevisiae (strain JAY291)	384	1845	92.6	97.1	0.0
36	SP	P19358	S-adenosylmethionine synthase 2 OS=Saccharomyces cerevisiae (strain ATCC 204508 / S288c) OX=559292 GN=SAM2 PE=1 SV=3	Saccharomyces cerevisiae (strain ATCC 204508 / S288c)	384	1845	92.6	97.1	0.0
37	TR	A0A8B8UPK6	S-adenosylmethionine synthase OS=Saccharomyces paradoxus OX=27291 GN=SPAR_D06780 PE=3 SV=1	Saccharomyces paradoxus	384	1843	92.3	97.1	0.0
38	TR	C8Z659	S-adenosylmethionine synthase OS=Saccharomyces cerevisiae (strain Lalvin EC1118 / Prise de mousse) OX=643680 GN=EC1118_1D0_8174g PE=3 SV=1	Saccharomyces cerevisiae (strain Lalvin EC1118 / Prise de mousse)	384	1841	92.3	97.1	0.0
39	TR	B3LFG5	S-adenosylmethionine synthase OS=Saccharomyces cerevisiae (strain RM11-1a) OX=285006 GN=SCRG_00040 PE=3 SV=1	Saccharomyces cerevisiae (strain RM11-1a)	384	1841	92.3	97.1	0.0
40	TR	J8PXX3	S-adenosylmethionine synthase OS=Saccharomyces arboricola (strain H-6 / AS 2.3317 / CBS 10644) OX=1160507 GN=SU7_2801 PE=3 SV=1	Saccharomyces arboricola (strain H-6 / AS 2.3317 / CBS 10644)	384	1837	91.8	97.6	0.0
41	TR	A0A6C1E4Z1	S-adenosylmethionine synthase OS=Saccharomyces pastorianus OX=27292 GN=SAM2_2 PE=3 SV=1	Saccharomyces pastorianus	384	1832	92.0	97.6	0.0
42	TR	A0AA35JC86	S-adenosylmethionine synthase OS=Saccharomyces uvarum OX=230603 GN=SUVC02G6070 PE=3 SV=1	Saccharomyces uvarum	384	1832	92.0	97.9	0.0
43	TR	A0AA35IZ01	S-adenosylmethionine synthase OS=Saccharomyces mikatae IFO 1815 OX=226126 GN=SMKI04G6950 PE=3 SV=1	Saccharomyces mikatae IFO 1815	384	1826	91.5	97.1	0.0
44	TR	A0AAN7W228	S-adenosylmethionine synthase OS=Arxiozyma heterogenica OX=278026 GN=RI543_003506 PE=3 SV=1	Arxiozyma heterogenica	382	1824	89.5	95.8	0.0
45	TR	A0A7H9AV54	S-adenosylmethionine synthase OS=Zygotorulaspora mrakii OX=42260 GN=HG535_0A00750 PE=3 SV=1	Zygotorulaspora mrakii	382	1822	90.6	96.1	0.0
46	TR	J7RW28	S-adenosylmethionine synthase OS=Huiozyma naganishii (strain ATCC MYA-139 / BCRC 22969 / CBS 8797 / KCTC 17520 / NBRC 10181 / NCYC 3082 / Yp74L-3) OX=1071383 GN=KNAG0C00630 PE=3 SV=1	Huiozyma naganishii (strain ATCC MYA-139 / BCRC 22969 / CBS 8797 / KCTC 17520 / NBRC 10181 / NCYC 3082 / Yp74L-3)	382	1822	90.6	95.8	0.0
47	TR	G0V569	S-adenosylmethionine synthase OS=Naumovozyma castellii OX=27288 GN=NCAS0A00450 PE=3 SV=1	Naumovozyma castellii	387	1819	91.8	97.1	0.0
48	TR	A7TF93	S-adenosylmethionine synthase OS=Vanderwaltozyma polyspora (strain ATCC 22028 / DSM 70294 / BCRC 21397 / CBS 2163 / NBRC 10782 / NRRL Y-8283 / UCD 57-17) OX=436907 GN=Kpol_2000p86 PE=3 SV=1	Vanderwaltozyma polyspora (strain ATCC 22028 / DSM 70294 / BCRC 21397 / CBS 2163 / NBRC 10782 / NRRL Y-8283 / UCD 57-17)	382	1811	90.3	95.8	0.0
49	TR	H2ATK3	S-adenosylmethionine synthase OS=Kazachstania africana (strain ATCC 22294 / BCRC 22015 / CBS 2517 / CECT 1963 / NBRC 1671 / NRRL Y-8276) OX=1071382 GN=KAFR0D00560 PE=3 SV=1	Kazachstania africana (strain ATCC 22294 / BCRC 22015 / CBS 2517 / CECT 1963 / NBRC 1671 / NRRL Y-8276)	382	1806	88.2	96.1	0.0
50	TR	A0A1Q2ZZ12	S-adenosylmethionine synthase OS=Zygosaccharomyces rouxii OX=4956 GN=ZYGR_0K00480 PE=3 SV=1	Zygosaccharomyces rouxii	382	1806	89.0	95.8	0.0
51	TR	A0A7H9HLQ2	S-adenosylmethionine synthase OS=Torulaspora globosa OX=48254 GN=HG537_0B00770 PE=3 SV=1	Torulaspora globosa	382	1805	90.3	96.1	0.0
52	TR	A0A7G3ZCH9	S-adenosylmethionine synthase OS=Torulaspora globosa OX=48254 GN=HG536_0B00760 PE=3 SV=1	Torulaspora globosa	382	1801	90.0	96.1	0.0
53	TR	I2GXN7	S-adenosylmethionine synthase OS=Henningerozyma blattae (strain ATCC 34711 / CBS 6284 / DSM 70876 / NBRC 10599 / NRRL Y-10934 / UCD 77-7) OX=1071380 GN=TBLA0B00450 PE=3 SV=1	Henningerozyma blattae (strain ATCC 34711 / CBS 6284 / DSM 70876 / NBRC 10599 / NRRL Y-10934 / UCD 77-7)	382	1795	90.5	95.5	0.0
54	TR	G8ZQP6	S-adenosylmethionine synthase OS=Torulaspora delbrueckii OX=4950 GN=TDEL0C06440 PE=3 SV=1	Torulaspora delbrueckii	382	1794	89.7	95.8	0.0
55	TR	C5DZ08	S-adenosylmethionine synthase OS=Zygosaccharomyces rouxii (strain ATCC 2623 / CBS 732 / NBRC 1130 / NCYC 568 / NRRL Y-229) OX=559307 GN=ZYRO0F17248g PE=3 SV=1	Zygosaccharomyces rouxii (strain ATCC 2623 / CBS 732 / NBRC 1130 / NCYC 568 / NRRL Y-229)	382	1789	88.5	95.3	0.0
56	TR	B2G446	S-adenosylmethionine synthase OS=Zygosaccharomyces rouxii OX=4956 GN=Zr_SAM2 and Zr_SAM1 PE=3 SV=1	Zygosaccharomyces rouxii	382	1789	88.5	95.3	0.0
57	TR	G0WD91	S-adenosylmethionine synthase OS=Naumovozyma dairenensis (strain ATCC 10597 / BCRC 20456 / CBS 421 / NBRC 0211 / NRRL Y-12639) OX=1071378 GN=NDAI0F04340 PE=3 SV=1	Naumovozyma dairenensis (strain ATCC 10597 / BCRC 20456 / CBS 421 / NBRC 0211 / NRRL Y-12639)	454	1788	89.9	96.6	0.0
58	TR	A0A4C2ECA7	S-adenosylmethionine synthase OS=Zygosaccharomyces mellis OX=42258 GN=SAM2 PE=3 SV=1	Zygosaccharomyces mellis	382	1785	88.2	95.0	0.0
59	TR	A0A8J2XB36	S-adenosylmethionine synthase OS=Zygosaccharomyces bailii (strain CLIB 213 / ATCC 58445 / CBS 680 / BCRC 21525 / NBRC 1098 / NCYC 1416 / NRRL Y-2227) OX=1333698 GN=BN860_01508g PE=3 SV=1	Zygosaccharomyces bailii (strain CLIB 213 / ATCC 58445 / CBS 680 / BCRC 21525 / NBRC 1098 / NCYC 1416 / NRRL Y-2227)	382	1783	88.2	95.3	0.0
60	TR	G8BQ57	S-adenosylmethionine synthase OS=Tetrapisispora phaffii (strain ATCC 24235 / CBS 4417 / NBRC 1672 / NRRL Y-8282 / UCD 70-5) OX=1071381 GN=TPHA0B04690 PE=3 SV=1	Tetrapisispora phaffii (strain ATCC 24235 / CBS 4417 / NBRC 1672 / NRRL Y-8282 / UCD 70-5)	382	1782	88.0	95.3	0.0
61	TR	A0A0P1KVL0	S-adenosylmethionine synthase OS=Lachancea quebecensis OX=1654605 GN=LAQU0_S15e01420g PE=3 SV=1	Lachancea quebecensis	382	1777	87.9	95.0	0.0
62	TR	C5DK50	S-adenosylmethionine synthase OS=Lachancea thermotolerans (strain ATCC 56472 / CBS 6340 / NRRL Y-8284) OX=559295 GN=KLTH0F01782g PE=3 SV=1	Lachancea thermotolerans (strain ATCC 56472 / CBS 6340 / NRRL Y-8284)	382	1776	87.9	95.0	0.0
63	TR	W0T4F1	S-adenosylmethionine synthase OS=Kluyveromyces marxianus (strain DMKU3-1042 / BCC 29191 / NBRC 104275) OX=1003335 GN=SAM2 PE=3 SV=1	Kluyveromyces marxianus (strain DMKU3-1042 / BCC 29191 / NBRC 104275)	384	1775	88.6	94.7	0.0
64	TR	A0A1G4K5G4	S-adenosylmethionine synthase OS=Lachancea meyersii CBS 8951 OX=1266667 GN=LAME_0G01618G PE=3 SV=1	Lachancea meyersii CBS 8951	382	1774	89.0	94.2	0.0
65	TR	A0A1E5RH68	S-adenosylmethionine synthase OS=Hanseniaspora osmophila OX=56408 GN=AWRI3579_g1605 PE=3 SV=1	Hanseniaspora osmophila	383	1773	88.3	95.0	0.0
66	TR	A0A1G4JX54	S-adenosylmethionine synthase OS=Lachancea sp. 'fantastica' OX=1230904 GN=LAFA_0G01662G PE=3 SV=1	Lachancea sp. 'fantastica'	382	1772	88.5	94.2	0.0
67	TR	A0A1G4MGK8	S-adenosylmethionine synthase OS=Lachancea fermentati OX=4955 GN=LAFE_0G01728G PE=3 SV=1	Lachancea fermentati	384	1771	88.9	95.2	0.0
68	TR	R9XB61	S-adenosylmethionine synthase OS=Ashbya aceri OX=566037 GN=AACERI_AaceriAFR692C PE=3 SV=1	Ashbya aceri	382	1769	86.6	94.8	0.0
69	TR	A0A1G4JVY8	S-adenosylmethionine synthase OS=Lachancea mirantina OX=1230905 GN=LAMI_0F01596G PE=3 SV=1	Lachancea mirantina	384	1768	88.7	95.3	0.0
70	TR	A0A376B9E3	S-adenosylmethionine synthase OS=Saccharomycodes ludwigii OX=36035 GN=SCODWIG_03064 PE=3 SV=1	Saccharomycodes ludwigii	384	1768	88.4	94.5	0.0
71	TR	A0A0A8L1N1	S-adenosylmethionine synthase OS=Kluyveromyces dobzhanskii CBS 2104 OX=1427455 GN=KLDO_g1046 PE=3 SV=1	Kluyveromyces dobzhanskii CBS 2104	383	1767	88.4	95.2	0.0
72	TR	Q751Y3	S-adenosylmethionine synthase OS=Eremothecium gossypii (strain ATCC 10895 / CBS 109.51 / FGSC 9923 / NRRL Y-1056) OX=284811 GN=AGOS_AFR692C PE=3 SV=1	Eremothecium gossypii (strain ATCC 10895 / CBS 109.51 / FGSC 9923 / NRRL Y-1056)	382	1767	86.4	94.8	0.0
73	TR	A0A0C7N2E0	S-adenosylmethionine synthase OS=Lachancea lanzarotensis OX=1245769 GN=LALA0_S11e01464g PE=3 SV=1	Lachancea lanzarotensis	382	1767	88.5	94.0	0.0
74	TR	Q6CUW4	S-adenosylmethionine synthase OS=Kluyveromyces lactis (strain ATCC 8585 / CBS 2359 / DSM 70799 / NBRC 1267 / NRRL Y-1140 / WM37) OX=284590 GN=KLLA0_C01782g PE=3 SV=1	Kluyveromyces lactis (strain ATCC 8585 / CBS 2359 / DSM 70799 / NBRC 1267 / NRRL Y-1140 / WM37)	384	1763	88.4	94.4	0.0
75	TR	Q6FNW9	S-adenosylmethionine synthase OS=Candida glabrata (strain ATCC 2001 / BCRC 20586 / JCM 3761 / NBRC 0622 / NRRL Y-65 / CBS 138) OX=284593 GN=SAM2 PE=3 SV=1	Candida glabrata (strain ATCC 2001 / BCRC 20586 / JCM 3761 / NBRC 0622 / NRRL Y-65 / CBS 138)	383	1762	87.6	95.8	0.0
76	TR	A0A0W0DH26	S-adenosylmethionine synthase OS=Candida glabrata OX=5478 GN=AO440_003128 PE=3 SV=1	Candida glabrata	383	1758	87.3	95.8	0.0
77	TR	A0A1G4JZE3	S-adenosylmethionine synthase OS=Lachancea dasiensis OX=1072105 GN=LADA_0H01662G PE=3 SV=1	Lachancea dasiensis	382	1754	87.1	94.5	0.0
78	TR	A0A109UVW4	S-adenosylmethionine synthase OS=Eremothecium sinecaudum OX=45286 GN=AW171_hschr31359 PE=3 SV=1	Eremothecium sinecaudum	382	1753	85.9	94.5	0.0
79	TR	A0A1G4KEW6	S-adenosylmethionine synthase OS=Lachancea nothofagi CBS 11611 OX=1266666 GN=LANO_0G01596G PE=3 SV=1	Lachancea nothofagi CBS 11611	382	1747	86.9	94.0	0.0
80	TR	A0A1L0FIX3	S-adenosylmethionine synthase OS=Hanseniaspora guilliermondii OX=56406 GN=HGUI_01758 PE=3 SV=1	Hanseniaspora guilliermondii	383	1737	87.2	93.7	0.0
81	TR	A0A1E5RXP2	S-adenosylmethionine synthase OS=Hanseniaspora opuntiae OX=211096 GN=AWRI3578_g161 PE=3 SV=1	Hanseniaspora opuntiae	383	1737	87.2	93.7	0.0
82	TR	G8JMB2	S-adenosylmethionine synthase OS=Eremothecium cymbalariae (strain CBS 270.75 / DBVPG 7215 / KCTC 17166 / NRRL Y-17582) OX=931890 GN=Ecym_1063 PE=3 SV=1	Eremothecium cymbalariae (strain CBS 270.75 / DBVPG 7215 / KCTC 17166 / NRRL Y-17582)	382	1727	85.3	93.5	0.0
83	TR	A0A1E5S0Z2	S-adenosylmethionine synthase OS=Hanseniaspora uvarum OX=29833 GN=AWRI3580_g547 PE=3 SV=1	Hanseniaspora uvarum	383	1718	85.4	93.7	0.0
84	TR	A0A1B7TCF3	S-adenosylmethionine synthase OS=Hanseniaspora valbyensis NRRL Y-1626 OX=766949 GN=HANVADRAFT_80219 PE=3 SV=1	Hanseniaspora valbyensis NRRL Y-1626	383	1706	85.9	92.2	0.0
85	TR	A0AAV5PV35	S-adenosylmethionine synthase OS=Martiniozyma asiatica (nom. inval.) OX=148097 GN=DAMA08_000940 PE=3 SV=1	Martiniozyma asiatica (nom. inval.)	383	1618	81.2	89.4	0.0
86	TR	A0A642UZF9	S-adenosylmethionine synthase OS=Diutina rugosa OX=5481 GN=DIURU_000076 PE=3 SV=1	Diutina rugosa	386	1603	79.9	89.4	0.0
87	TR	G3B0K4	S-adenosylmethionine synthase OS=Candida tenuis (strain ATCC 10573 / BCRC 21748 / CBS 615 / JCM 9827 / NBRC 10315 / NRRL Y-1498 / VKM Y-70) OX=590646 GN=CANTEDRAFT_113173 PE=3 SV=1	Candida tenuis (strain ATCC 10573 / BCRC 21748 / CBS 615 / JCM 9827 / NBRC 10315 / NRRL Y-1498 / VKM Y-70)	385	1602	81.0	89.2	0.0
88	TR	A0A2T0FGI7	S-adenosylmethionine synthase OS=Wickerhamiella sorbophila OX=45607 GN=B9G98_01733 PE=3 SV=1	Wickerhamiella sorbophila	382	1600	80.1	90.0	0.0
89	TR	A0A0L0NT64	S-adenosylmethionine synthase OS=Candidozyma auris OX=498019 GN=QG37_06445 PE=3 SV=1	Candidozyma auris	455	1598	79.1	88.5	0.0
90	TR	A0A2H1A212	S-adenosylmethionine synthase OS=Candidozyma auris OX=498019 GN=B9J08_001467 PE=3 SV=1	Candidozyma auris	382	1598	79.1	88.5	0.0
91	TR	A0A5E8AZ93	S-adenosylmethionine synthase OS=Magnusiomyces paraingens OX=2606893 GN=SAPINGB_P000264 PE=3 SV=1	Magnusiomyces paraingens	389	1597	80.2	89.4	0.0
92	TR	A5DJ50	S-adenosylmethionine synthase OS=Meyerozyma guilliermondii (strain ATCC 6260 / CBS 566 / DSM 6381 / JCM 1539 / NBRC 10279 / NRRL Y-324) OX=294746 GN=PGUG_03301 PE=3 SV=1	Meyerozyma guilliermondii (strain ATCC 6260 / CBS 566 / DSM 6381 / JCM 1539 / NBRC 10279 / NRRL Y-324)	382	1597	79.6	88.2	0.0
93	TR	A0A1E4RT64	S-adenosylmethionine synthase OS=Hyphopichia burtonii NRRL Y-1933 OX=984485 GN=HYPBUDRAFT_146771 PE=3 SV=1	Hyphopichia burtonii NRRL Y-1933	383	1593	80.1	88.5	0.0
94	TR	A0AAW0FMV5	S-adenosylmethionine synthase OS=Cerrena zonata OX=2478898 GN=SAM1 PE=3 SV=1	Cerrena zonata	383	1593	80.1	88.5	0.0
95	TR	Q6BPE7	S-adenosylmethionine synthase OS=Debaryomyces hansenii (strain ATCC 36239 / CBS 767 / BCRC 21394 / JCM 1990 / NBRC 0083 / IGC 2968) OX=284592 GN=DEHA2E14212g PE=3 SV=1	Debaryomyces hansenii (strain ATCC 36239 / CBS 767 / BCRC 21394 / JCM 1990 / NBRC 0083 / IGC 2968)	383	1593	79.6	88.0	0.0
96	TR	A0A421J713	S-adenosylmethionine synthase OS=Meyerozyma sp. JA9 OX=2028340 GN=JA9_005055 PE=3 SV=1	Meyerozyma sp. JA9	382	1593	79.3	88.2	0.0
97	TR	A0A9P6WMF3	S-adenosylmethionine synthase OS=Pichia californica OX=460514 GN=MAT1A PE=3 SV=1	Pichia californica	382	1591	79.0	88.5	0.0
98	TR	M3K377	S-adenosylmethionine synthase OS=Candida maltosa (strain Xu316) OX=1245528 GN=G210_5449 PE=3 SV=1	Candida maltosa (strain Xu316)	385	1591	79.9	88.9	0.0
99	TR	A0AAI9SYZ0	S-adenosylmethionine synthase OS=Candida oxycetoniae OX=497107 GN=KGF56_001410 PE=3 SV=1	Candida oxycetoniae	385	1590	80.4	88.4	0.0
100	TR	A0A9W4TUL7	S-adenosylmethionine synthase OS=Candida verbasci OX=1227364 GN=CANVERA_P1383 PE=3 SV=1	Candida verbasci	385	1589	79.7	88.7	0.0
101	TR	A0A8F3AI14	S-adenosylmethionine synthase OS=Candidozyma auris OX=498019 GN=CA7LBN_002667 PE=3 SV=1	Candidozyma auris	561	1587	79.4	88.6	0.0
102	TR	A0A2P7YFI5	S-adenosylmethionine synthase OS=Candidozyma pseudohaemuli OX=418784 GN=C7M61_004919 PE=3 SV=1	Candidozyma pseudohaemuli	382	1586	78.5	88.2	0.0
103	TR	A0A1V2LGP4	S-adenosylmethionine synthase OS=Pichia kudriavzevii OX=4909 GN=BOH78_4546 PE=3 SV=1	Pichia kudriavzevii	987	1586	79.8	88.0	0.0
104	TR	A0A099NYY4	S-adenosylmethionine synthase OS=Pichia kudriavzevii OX=4909 GN=C5L36_0A06070 PE=3 SV=1	Pichia kudriavzevii	383	1586	79.8	88.0	0.0
105	TR	A0A9P7V7Y0	S-adenosylmethionine synthase OS=Scheffersomyces spartinae OX=45513 GN=SAM2 PE=3 SV=1	Scheffersomyces spartinae	384	1586	80.7	87.8	0.0
106	TR	A0A2V1AZT5	S-adenosylmethionine synthase OS=Candidozyma haemuli OX=45357 GN=CXQ85_003109 PE=3 SV=1	Candidozyma haemuli	382	1584	78.3	88.2	0.0
107	TR	C5MCZ9	S-adenosylmethionine synthase OS=Candida tropicalis (strain ATCC MYA-3404 / T1) OX=294747 GN=CTRG_04100 PE=3 SV=1	Candida tropicalis (strain ATCC MYA-3404 / T1)	385	1584	79.7	88.7	0.0
108	TR	A0A367XPT9	S-adenosylmethionine synthase OS=Candida viswanathii OX=5486 GN=sam1_0 PE=3 SV=1	Candida viswanathii	385	1584	79.4	88.7	0.0
109	TR	A0A061BBP8	S-adenosylmethionine synthase OS=Cyberlindnera fabianii OX=36022 GN=BON22_3931 PE=3 SV=1	Cyberlindnera fabianii	385	1584	79.4	88.9	0.0
110	TR	A0A7D9CYL0	S-adenosylmethionine synthase OS=Dekkera bruxellensis OX=5007 GN=SAM1 PE=3 SV=1	Dekkera bruxellensis	386	1584	79.8	88.1	0.0
111	TR	A0A1D8PF68	S-adenosylmethionine synthase OS=Candida albicans (strain SC5314 / ATCC MYA-2876) OX=237561 GN=SAM2 PE=3 SV=1	Candida albicans (strain SC5314 / ATCC MYA-2876)	385	1583	79.4	87.9	0.0
112	TR	A3LNJ6	S-adenosylmethionine synthase OS=Scheffersomyces stipitis (strain ATCC 58785 / CBS 6054 / NBRC 10063 / NRRL Y-11545) OX=322104 GN=SAM2 PE=3 SV=1	Scheffersomyces stipitis (strain ATCC 58785 / CBS 6054 / NBRC 10063 / NRRL Y-11545)	385	1583	78.9	88.4	0.0
113	TR	A0A8J5EJ17	S-adenosylmethionine synthase OS=Yarrowia sp. E02 OX=2768841 GN=CKK34_1806 PE=3 SV=1	Yarrowia sp. E02	386	1583	79.4	88.7	0.0
114	TR	W1QFY7	S-adenosylmethionine synthase OS=Ogataea parapolymorpha (strain ATCC 26012 / BCRC 20466 / JCM 22074 / NRRL Y-7560 / DL-1) OX=871575 GN=HPODL_00414 PE=3 SV=1	Ogataea parapolymorpha (strain ATCC 26012 / BCRC 20466 / JCM 22074 / NRRL Y-7560 / DL-1)	382	1583	79.2	87.9	0.0
115	TR	Q6CEM5	S-adenosylmethionine synthase OS=Yarrowia lipolytica (strain CLIB 122 / E 150) OX=284591 GN=YALI0_B14509g PE=3 SV=1	Yarrowia lipolytica (strain CLIB 122 / E 150)	386	1582	79.2	88.7	0.0
116	TR	A0A1D8N7S8	S-adenosylmethionine synthase OS=Yarrowia lipolytica OX=4952 GN=B0I71DRAFT_135352 PE=3 SV=1	Yarrowia lipolytica	386	1582	79.2	88.7	0.0
117	TR	A0A4T0WXV1	S-adenosylmethionine synthase OS=Pichia inconspicua OX=52247 GN=CANINC_003753 PE=3 SV=1	Pichia inconspicua	383	1582	78.6	88.4	0.0
118	TR	A0A8J5AWK7	S-adenosylmethionine synthase OS=Yarrowia sp. B02 OX=2768839 GN=CJU89_3435 PE=3 SV=1	Yarrowia sp. B02	386	1582	79.2	88.7	0.0
119	TR	G3AFZ5	S-adenosylmethionine synthase OS=Spathaspora passalidarum (strain NRRL Y-27907 / 11-Y1) OX=619300 GN=SPAPADRAFT_58322 PE=3 SV=1	Spathaspora passalidarum (strain NRRL Y-27907 / 11-Y1)	385	1581	79.7	88.4	0.0
120	TR	A0AAV5RP39	S-adenosylmethionine synthase OS=Starmerella bacillaris OX=1247836 GN=DASB73_041680 PE=3 SV=1	Starmerella bacillaris	382	1581	78.2	89.2	0.0
121	TR	A0AB34PZX4	S-adenosylmethionine synthase OS=Candida albicans P78048 OX=1094989 GN=MG3_01160 PE=3 SV=1	Candida albicans P78048	385	1580	79.4	87.9	0.0
122	TR	G1UAC4	S-adenosylmethionine synthase (Fragment) OS=Candida albicans OX=5476 GN=sam2 PE=2 SV=1	Candida albicans	385	1580	79.4	87.9	0.0
123	TR	C4YCQ7	S-adenosylmethionine synthase OS=Candida albicans (strain WO-1) OX=294748 GN=CAWG_00291 PE=3 SV=1	Candida albicans (strain WO-1)	385	1580	79.4	87.9	0.0
124	TR	A0A871R6Y4	S-adenosylmethionine synthase OS=Dekkera bruxellensis OX=5007 GN=SAM1 PE=3 SV=1	Dekkera bruxellensis	386	1579	79.6	88.1	0.0
125	TR	A0AAV5QZA2	S-adenosylmethionine synthase OS=Pichia kluyveri OX=36015 GN=DAPK24_010940 PE=3 SV=1	Pichia kluyveri	384	1579	79.4	88.4	0.0
126	TR	A0A9P8TCH6	S-adenosylmethionine synthase OS=Wickerhamomyces mucosus OX=1378264 GN=WICMUC_003270 PE=3 SV=1	Wickerhamomyces mucosus	382	1578	78.8	88.0	0.0
127	TR	A0AA91Q3S8	S-adenosylmethionine synthase OS=Clavispora lusitaniae OX=36911 GN=A9F13_03g03179 PE=3 SV=1	Clavispora lusitaniae	382	1578	78.3	88.2	0.0
128	TR	C4Y9L6	S-adenosylmethionine synthase OS=Clavispora lusitaniae (strain ATCC 42720) OX=306902 GN=CLUG_04906 PE=3 SV=1	Clavispora lusitaniae (strain ATCC 42720)	382	1578	78.3	88.2	0.0
129	TR	A0A1E3NRQ2	S-adenosylmethionine synthase OS=Pichia membranifaciens NRRL Y-2026 OX=763406 GN=PICMEDRAFT_14275 PE=3 SV=1	Pichia membranifaciens NRRL Y-2026	382	1576	78.0	87.7	0.0
130	TR	A0A2V1ADE6	S-adenosylmethionine synthase OS=Candidozyma duobushaemuli OX=1231522 GN=CXQ87_003551 PE=3 SV=1	Candidozyma duobushaemuli	382	1576	78.0	88.2	0.0
131	TR	A0AAV5QEI2	S-adenosylmethionine synthase OS=Saccharomycopsis crataegensis OX=43959 GN=DASC09_001900 PE=3 SV=1	Saccharomycopsis crataegensis	383	1576	78.5	89.4	0.0
132	TR	A0A0V1Q6V4	S-adenosylmethionine synthase OS=Debaryomyces fabryi OX=58627 GN=AC631_00044 PE=3 SV=1	Debaryomyces fabryi	383	1576	78.9	87.5	0.0
133	TR	A0A875S4S6	S-adenosylmethionine synthase OS=Eeniella nana OX=13502 GN=SAM1 PE=3 SV=1	Eeniella nana	383	1575	79.0	89.1	0.0
134	TR	A0A1E4SX44	S-adenosylmethionine synthase OS=[Candida] arabinofermentans NRRL YB-2248 OX=983967 GN=CANARDRAFT_18944 PE=3 SV=1	[Candida] arabinofermentans NRRL YB-2248	382	1575	79.8	86.9	0.0
135	TR	A0A512ULL3	S-adenosylmethionine synthase OS=Metschnikowia sp. JCM 33374 OX=2562755 GN=JCM33374_g5636 PE=3 SV=1	Metschnikowia sp. JCM 33374	382	1574	78.8	88.0	0.0
136	TR	A0A421JNH9	S-adenosylmethionine synthase OS=Spathaspora sp. JA1 OX=2028339 GN=JA1_003103 PE=3 SV=1	Spathaspora sp. JA1	385	1574	79.7	87.9	0.0
137	TR	A0AAX4H577	S-adenosylmethionine synthase OS=Australozyma saopauloensis OX=291208 GN=PUMCH_000913 PE=3 SV=1	Australozyma saopauloensis	382	1573	78.5	87.7	0.0
138	TR	G8XZH5	S-adenosylmethionine synthase OS=Pichia sorbitophila (strain ATCC MYA-4447 / BCRC 22081 / CBS 7064 / NBRC 10061 / NRRL Y-12695) OX=559304 GN=Piso0_005621 PE=3 SV=1	Pichia sorbitophila (strain ATCC MYA-4447 / BCRC 22081 / CBS 7064 / NBRC 10061 / NRRL Y-12695)	382	1573	77.9	87.9	0.0
139	TR	K1VR84	S-adenosylmethionine synthase OS=Trichosporon asahii var. asahii (strain CBS 8904) OX=1220162 GN=A1Q2_03687 PE=3 SV=1	Trichosporon asahii var. asahii (strain CBS 8904)	396	1572	79.2	88.7	0.0
140	TR	J6F6B9	S-adenosylmethionine synthase OS=Trichosporon asahii var. asahii (strain ATCC 90039 / CBS 2479 / JCM 2466 / KCTC 7840 / NBRC 103889/ NCYC 2677 / UAMH 7654) OX=1186058 GN=A1Q1_07980 PE=3 SV=1	Trichosporon asahii var. asahii (strain ATCC 90039 / CBS 2479 / JCM 2466 / KCTC 7840 / NBRC 103889/ NCYC 2677 / UAMH 7654)	396	1572	79.2	88.7	0.0
141	TR	A0A060TA33	S-adenosylmethionine synthase OS=Blastobotrys adeninivorans OX=409370 GN=GNLVRS02_ARAD1D16148g PE=3 SV=1	Blastobotrys adeninivorans	385	1572	79.1	89.2	0.0
142	TR	A0A167CCR1	S-adenosylmethionine synthase OS=Sugiyamaella lignohabitans OX=796027 GN=SAM2 PE=3 SV=1	Sugiyamaella lignohabitans	384	1572	79.6	88.1	0.0
143	TR	A0AAD5BE82	S-adenosylmethionine synthase OS=Candida theae OX=1198502 GN=KGF57_002833 PE=3 SV=1	Candida theae	385	1571	78.8	88.4	0.0
144	TR	A0A1E4SH34	S-adenosylmethionine synthase OS=Suhomyces tanzawaensis NRRL Y-17324 OX=984487 GN=CANTADRAFT_26733 PE=3 SV=1	Suhomyces tanzawaensis NRRL Y-17324	383	1571	79.1	87.3	0.0
145	TR	A0A1E3P4X5	S-adenosylmethionine synthase OS=Wickerhamomyces anomalus (strain ATCC 58044 / CBS 1984 / NCYC 433 / NRRL Y-366-8) OX=683960 GN=WICANDRAFT_63030 PE=3 SV=1	Wickerhamomyces anomalus (strain ATCC 58044 / CBS 1984 / NCYC 433 / NRRL Y-366-8)	382	1571	78.8	88.0	0.0
146	TR	A0A8J5QRN3	S-adenosylmethionine synthase OS=[Candida] subhashii OX=561895 GN=J8A68_001129 PE=3 SV=1	[Candida] subhashii	385	1570	79.6	87.8	0.0
147	TR	A0A0H5C8F2	S-adenosylmethionine synthase OS=Cyberlindnera jadinii (strain ATCC 18201 / CBS 1600 / BCRC 20928 / JCM 3617 / NBRC 0987 / NRRL Y-1542) OX=983966 GN=SAM2 PE=3 SV=1	Cyberlindnera jadinii (strain ATCC 18201 / CBS 1600 / BCRC 20928 / JCM 3617 / NBRC 0987 / NRRL Y-1542)	385	1570	78.5	87.7	0.0
148	TR	V5FY21	S-adenosylmethionine synthase OS=Anoplophora glabripennis OX=217634 GN=METK PE=3 SV=1	Anoplophora glabripennis	385	1570	78.5	87.7	0.0
149	TR	A0A1E3QVX0	S-adenosylmethionine synthase OS=Babjeviella inositovora NRRL Y-12698 OX=984486 GN=BABINDRAFT_160521 PE=3 SV=1	Babjeviella inositovora NRRL Y-12698	385	1570	78.4	88.4	0.0
150	SP	O60198	S-adenosylmethionine synthase OS=Schizosaccharomyces pombe (strain 972 / ATCC 24843) OX=284812 GN=sam1 PE=1 SV=1	Schizosaccharomyces pombe (strain 972 / ATCC 24843)	382	1570	76.4	88.5	0.0
151	TR	A0A4P6XSN4	S-adenosylmethionine synthase OS=Metschnikowia aff. pulcherrima OX=2163413 GN=MPUL0D00500 PE=3 SV=1	Metschnikowia aff. pulcherrima	382	1569	78.8	87.7	0.0
152	TR	A0A1A0H4Y6	S-adenosylmethionine synthase OS=Metschnikowia bicuspidata var. bicuspidata NRRL YB-4993 OX=869754 GN=METBIDRAFT_33603 PE=3 SV=1	Metschnikowia bicuspidata var. bicuspidata NRRL YB-4993	382	1569	78.8	87.2	0.0
153	TR	A0A0U5GTE1	S-adenosylmethionine synthase OS=Aspergillus calidoustus OX=454130 GN=ASPCAL08935 PE=3 SV=1	Aspergillus calidoustus	388	1568	78.4	87.4	0.0
154	TR	A0A9P8NW05	S-adenosylmethionine synthase OS=Ogataea philodendri OX=1378263 GN=OGAPHI_007264 PE=3 SV=1	Ogataea philodendri	392	1567	78.7	88.6	0.0
155	TR	A0AAD4CP30	S-adenosylmethionine synthase OS=Aspergillus nanangensis OX=2582783 GN=SAM2 PE=3 SV=1	Aspergillus nanangensis	388	1565	77.6	87.9	0.0
156	TR	A0A1E4TJ08	S-adenosylmethionine synthase OS=Tortispora caseinolytica NRRL Y-17796 OX=767744 GN=CANCADRAFT_20829 PE=3 SV=1	Tortispora caseinolytica NRRL Y-17796	384	1565	78.1	88.1	0.0
157	TR	A0A1D2VIA6	S-adenosylmethionine synthase OS=Ascoidea rubescens DSM 1968 OX=1344418 GN=ASCRUDRAFT_75407 PE=3 SV=1	Ascoidea rubescens DSM 1968	389	1565	78.3	88.9	0.0
158	TR	A5DU60	S-adenosylmethionine synthase OS=Lodderomyces elongisporus (strain ATCC 11503 / CBS 2605 / JCM 1781 / NBRC 1676 / NRRL YB-4239) OX=379508 GN=LELG_00896 PE=3 SV=1	Lodderomyces elongisporus (strain ATCC 11503 / CBS 2605 / JCM 1781 / NBRC 1676 / NRRL YB-4239)	385	1564	78.4	87.9	0.0
159	TR	A0A9W6SZW4	S-adenosylmethionine synthase OS=Candida boidinii OX=5477 GN=Cboi02_000249800 PE=3 SV=1	Candida boidinii	385	1564	80.7	87.3	0.0
160	TR	A0A8X7NSE8	S-adenosylmethionine synthase OS=Candida parapsilosis OX=5480 GN=FOB60_000795 PE=3 SV=1	Candida parapsilosis	385	1563	78.8	87.8	0.0
161	TR	G8BD11	S-adenosylmethionine synthase OS=Candida parapsilosis (strain CDC 317 / ATCC MYA-4646) OX=578454 GN=CPAR2_207990 PE=3 SV=1	Candida parapsilosis (strain CDC 317 / ATCC MYA-4646)	385	1563	78.8	87.8	0.0
162	TR	H8WWX7	S-adenosylmethionine synthase OS=Candida orthopsilosis (strain 90-125) OX=1136231 GN=CORT_0A07320 PE=3 SV=1	Candida orthopsilosis (strain 90-125)	385	1562	78.6	87.8	0.0
163	TR	A0A9W7DL61	S-adenosylmethionine synthase OS=Ambrosiozyma monospora OX=43982 GN=Amon01_000520800 PE=3 SV=1	Ambrosiozyma monospora	383	1562	79.3	87.0	0.0
164	TR	A0A9P5KNG8	S-adenosylmethionine synthase OS=Geotrichum candidum OX=1173061 GN=DV451_005131 PE=3 SV=1	Geotrichum candidum	387	1561	79.4	87.3	0.0
165	TR	B6K4U6	S-adenosylmethionine synthase OS=Schizosaccharomyces japonicus (strain yFS275 / FY16936) OX=402676 GN=sam1 PE=3 SV=1	Schizosaccharomyces japonicus (strain yFS275 / FY16936)	384	1561	77.6	88.7	0.0
166	TR	A0A5N6GCH1	S-adenosylmethionine synthase OS=Petromyces alliaceus OX=209559 GN=SAM2 PE=3 SV=1	Petromyces alliaceus	390	1561	78.2	87.6	0.0
167	TR	B9W9E6	S-adenosylmethionine synthase OS=Candida dubliniensis (strain CD36 / ATCC MYA-646 / CBS 7987 / NCPF 3949 / NRRL Y-17841) OX=573826 GN=Cd36_10740 PE=3 SV=1	Candida dubliniensis (strain CD36 / ATCC MYA-646 / CBS 7987 / NCPF 3949 / NRRL Y-17841)	385	1561	78.9	87.1	0.0
168	TR	A0A1E3PLG8	S-adenosylmethionine synthase OS=Nadsonia fulvescens var. elongata DSM 6958 OX=857566 GN=NADFUDRAFT_45792 PE=3 SV=1	Nadsonia fulvescens var. elongata DSM 6958	385	1560	78.1	88.7	0.0
169	TR	A0A3D8RQQ3	S-adenosylmethionine synthase OS=Aspergillus mulundensis OX=1810919 GN=DSM5745_06409 PE=3 SV=1	Aspergillus mulundensis	388	1560	77.6	87.1	0.0
170	TR	A0A448YQ86	S-adenosylmethionine synthase OS=Brettanomyces naardenensis OX=13370 GN=BRENAR_LOCUS3836 PE=3 SV=1	Brettanomyces naardenensis	383	1559	79.0	88.0	0.0
171	TR	A0A642UJ25	S-adenosylmethionine synthase OS=Trichomonascus ciferrii OX=44093 GN=TRICI_006269 PE=3 SV=1	Trichomonascus ciferrii	384	1558	79.2	87.9	0.0
172	TR	A0A5M3YR51	S-adenosylmethionine synthase OS=Aspergillus terreus OX=33178 GN=ATEIFO6365_0003025600 PE=3 SV=1	Aspergillus terreus	388	1558	78.2	87.1	0.0
173	TR	A0A0J9XBA7	S-adenosylmethionine synthase OS=Geotrichum candidum OX=1173061 GN=BN980_GECA08s03948g PE=3 SV=1	Geotrichum candidum	387	1557	79.2	87.3	0.0
174	TR	G8Y2G8	S-adenosylmethionine synthase OS=Pichia sorbitophila (strain ATCC MYA-4447 / BCRC 22081 / CBS 7064 / NBRC 10061 / NRRL Y-12695) OX=559304 GN=Piso0_005621 PE=3 SV=1	Pichia sorbitophila (strain ATCC MYA-4447 / BCRC 22081 / CBS 7064 / NBRC 10061 / NRRL Y-12695)	382	1557	76.8	88.2	0.0
175	TR	A0A9P8Q928	S-adenosylmethionine synthase OS=Wickerhamomyces pijperi OX=599730 GN=WICPIJ_003878 PE=3 SV=1	Wickerhamomyces pijperi	381	1556	77.8	87.9	0.0
176	TR	W6MKI9	S-adenosylmethionine synthase OS=Kuraishia capsulata CBS 1993 OX=1382522 GN=KUCA_T00002866001 PE=3 SV=1	Kuraishia capsulata CBS 1993	383	1554	78.8	87.5	0.0
177	TR	K0KJQ9	S-adenosylmethionine synthase OS=Wickerhamomyces ciferrii (strain ATCC 14091 / BCRC 22168 / CBS 111 / JCM 3599 / NBRC 0793 / NRRL Y-1031 F-60-10) OX=1206466 GN=SAM2 PE=3 SV=1	Wickerhamomyces ciferrii (strain ATCC 14091 / BCRC 22168 / CBS 111 / JCM 3599 / NBRC 0793 / NRRL Y-1031 F-60-10)	383	1554	78.0	87.7	0.0
178	TR	A0A1L0C178	S-adenosylmethionine synthase (Fragment) OS=Sungouiella intermedia OX=45354 GN=SAMEA4029009_CIC11G00000005791 PE=3 SV=1	Sungouiella intermedia	383	1554	77.5	87.2	0.0
179	TR	A0A9P8P3W3	S-adenosylmethionine synthase OS=Ogataea polymorpha OX=460523 GN=OGATHE_003585 PE=3 SV=1	Ogataea polymorpha	771	1554	78.0	87.3	0.0
180	TR	A0A5N6ZLX3	S-adenosylmethionine synthase OS=Aspergillus caelatus OX=61420 GN=BDV27DRAFT_66063 PE=3 SV=1	Aspergillus caelatus	390	1553	77.2	86.9	0.0
181	TR	A0A8H7Z923	S-adenosylmethionine synthase OS=Candida metapsilosis OX=273372 GN=I9W82_005144 PE=3 SV=1	Candida metapsilosis	385	1553	78.0	87.6	0.0
182	TR	A0A1E3Q1Y7	S-adenosylmethionine synthase OS=Lipomyces starkeyi NRRL Y-11557 OX=675824 GN=LIPSTDRAFT_328593 PE=3 SV=1	Lipomyces starkeyi NRRL Y-11557	384	1553	78.5	87.8	0.0
183	TR	A1D317	S-adenosylmethionine synthase OS=Neosartorya fischeri (strain ATCC 1020 / DSM 3700 / CBS 544.65 / FGSC A1164 / JCM 1740 / NRRL 181 / WB 181) OX=331117 GN=NFIA_015020 PE=3 SV=1	Neosartorya fischeri (strain ATCC 1020 / DSM 3700 / CBS 544.65 / FGSC A1164 / JCM 1740 / NRRL 181 / WB 181)	387	1552	76.9	86.9	0.0
184	TR	A0AAD9SW55	S-adenosylmethionine synthase OS=Diplocarpon rosae OX=946125 GN=QTJ16_005953 PE=3 SV=1	Diplocarpon rosae	393	1552	78.0	87.0	0.0
185	TR	A0A5N6UER8	S-adenosylmethionine synthase OS=Aspergillus tamarii OX=41984 GN=BDV40DRAFT_62039 PE=3 SV=1	Aspergillus tamarii	390	1552	77.2	86.9	0.0
186	TR	A0A8H3NW14	S-adenosylmethionine synthase OS=Aspergillus udagawae OX=91492 GN=Aud_008493 PE=3 SV=1	Aspergillus udagawae	387	1551	76.9	86.9	0.0
187	TR	A0A427XNK4	S-adenosylmethionine synthase OS=Apiotrichum porosum OX=105984 GN=SAM2 PE=3 SV=1	Apiotrichum porosum	396	1551	77.7	87.9	0.0
188	TR	Q4WT41	S-adenosylmethionine synthase OS=Aspergillus fumigatus (strain ATCC MYA-4609 / CBS 101355 / FGSC A1100 / Af293) OX=330879 GN=AFUA_1G10630 PE=3 SV=1	Aspergillus fumigatus (strain ATCC MYA-4609 / CBS 101355 / FGSC A1100 / Af293)	387	1550	76.9	86.9	0.0
189	TR	B0XQI2	S-adenosylmethionine synthase OS=Aspergillus fumigatus (strain CBS 144.89 / FGSC A1163 / CEA10) OX=451804 GN=AFUB_010050 PE=3 SV=1	Aspergillus fumigatus (strain CBS 144.89 / FGSC A1163 / CEA10)	387	1550	76.9	86.9	0.0
190	TR	A0AAN4PU75	S-adenosylmethionine synthase OS=Aspergillus lentulus OX=293939 GN=ALT_8189 PE=3 SV=1	Aspergillus lentulus	387	1550	76.9	86.9	0.0
191	TR	A0A8H6PFD5	S-adenosylmethionine synthase OS=Aspergillus hiratsukae OX=1194566 GN=CNMCM5793_004447 PE=3 SV=1	Aspergillus hiratsukae	388	1550	76.6	86.9	0.0
192	TR	A0A229W5W6	S-adenosylmethionine synthase OS=Aspergillus fumigatus OX=746128 GN=ETH1 PE=3 SV=1	Aspergillus fumigatus	387	1550	76.9	86.9	0.0
193	TR	A0A2B7X8X5	S-adenosylmethionine synthase OS=Helicocarpus griseus UAMH5409 OX=1447875 GN=AJ79_06844 PE=3 SV=1	Helicocarpus griseus UAMH5409	390	1549	76.8	87.6	0.0
194	TR	A0AA48L3S0	S-adenosylmethionine synthase OS=Cutaneotrichosporon cavernicola OX=279322 GN=SAM2 PE=3 SV=1	Cutaneotrichosporon cavernicola	396	1549	78.0	87.7	0.0
195	TR	A0A229YZF1	S-adenosylmethionine synthase OS=Aspergillus turcosus OX=1245748 GN=ETH1 PE=3 SV=1	Aspergillus turcosus	388	1549	76.6	86.9	0.0
196	TR	A0A2I1C9I9	S-adenosylmethionine synthase OS=Aspergillus novofumigatus (strain IBT 16806) OX=1392255 GN=P174DRAFT_441588 PE=3 SV=1	Aspergillus novofumigatus (strain IBT 16806)	387	1548	76.6	86.6	0.0
197	TR	A0A0L6WDZ6	S-adenosylmethionine synthase OS=Termitomyces sp. J132 OX=1306850 GN=J132_09699 PE=3 SV=1	Termitomyces sp. J132	393	1548	77.3	87.9	0.0
198	TR	A0A2I2FTF2	S-adenosylmethionine synthase OS=Aspergillus steynii IBT 23096 OX=1392250 GN=P170DRAFT_441365 PE=3 SV=1	Aspergillus steynii IBT 23096	388	1548	77.9	86.8	0.0
199	TR	A0AAD7VPZ6	S-adenosylmethionine synthase OS=Lipomyces tetrasporus OX=54092 GN=POJ06DRAFT_259307 PE=3 SV=1	Lipomyces tetrasporus	384	1547	78.5	87.8	0.0
200	TR	S3DYX8	S-adenosylmethionine synthase OS=Glarea lozoyensis (strain ATCC 20868 / MF5171) OX=1116229 GN=GLAREA_12314 PE=3 SV=1	Glarea lozoyensis (strain ATCC 20868 / MF5171)	395	1547	77.6	87.1	0.0
201	TR	A0A8H4MAA3	S-adenosylmethionine synthase OS=Aspergillus fumigatiaffinis OX=340414 GN=CNMCM6805_007988 PE=3 SV=1	Aspergillus fumigatiaffinis	387	1547	76.6	86.6	0.0
202	TR	A0AAF0YHT7	S-adenosylmethionine synthase OS=Vanrija pseudolonga OX=143232 GN=eth-1 PE=3 SV=1	Vanrija pseudolonga	396	1547	77.7	87.9	0.0
203	TR	A0A067XH96	S-adenosylmethionine synthase (Fragment) OS=Pichia angusta OX=870730 GN=sam2 PE=3 SV=1	Pichia angusta	745	1547	79.5	88.1	0.0
204	TR	A0A9P3ESE9	S-adenosylmethionine synthase OS=Aspergillus pseudoviridinutans OX=1517512 GN=Asppvi_002795 PE=3 SV=1	Aspergillus pseudoviridinutans	387	1547	76.6	86.6	0.0
205	TR	H0EG82	S-adenosylmethionine synthase OS=Glarea lozoyensis (strain ATCC 74030 / MF5533) OX=1104152 GN=M7I_1492 PE=3 SV=1	Glarea lozoyensis (strain ATCC 74030 / MF5533)	395	1547	77.6	87.1	0.0
206	TR	A0A2S4KP94	S-adenosylmethionine synthase OS=Tolypocladium paradoxum OX=94208 GN=TPAR_07818 PE=3 SV=1	Tolypocladium paradoxum	400	1546	77.7	87.1	0.0
207	TR	A0A9P0QQB2	S-adenosylmethionine synthase OS=[Candida] railenensis OX=45579 GN=SAM2 PE=3 SV=1	[Candida] railenensis	385	1545	78.2	87.3	0.0
208	TR	A0A395HUE6	S-adenosylmethionine synthase OS=Aspergillus homomorphus (strain CBS 101889) OX=1450537 GN=BO97DRAFT_346870 PE=3 SV=1	Aspergillus homomorphus (strain CBS 101889)	389	1545	75.8	87.6	0.0
209	TR	A0A5N6TUX7	S-adenosylmethionine synthase OS=Aspergillus avenaceus OX=36643 GN=BDV25DRAFT_155158 PE=3 SV=1	Aspergillus avenaceus	390	1545	76.9	87.1	0.0
210	TR	A0A0C2T284	S-adenosylmethionine synthase OS=Amanita muscaria (strain Koide BX008) OX=946122 GN=M378DRAFT_1050842 PE=3 SV=1	Amanita muscaria (strain Koide BX008)	393	1544	77.2	88.1	0.0
211	TR	A0A0G2FBU6	S-adenosylmethionine synthase OS=Diaporthe ampelina OX=1214573 GN=UCDDA912_g08388 PE=3 SV=1	Diaporthe ampelina	391	1544	77.4	88.2	0.0
212	TR	A0A2B7WUD8	S-adenosylmethionine synthase OS=Blastomyces parvus OX=2060905 GN=GX51_06011 PE=3 SV=1	Blastomyces parvus	390	1544	76.3	86.8	0.0
213	TR	A0A9W9Q948	S-adenosylmethionine synthase OS=Penicillium brevicompactum OX=5074 GN=N7452_009846 PE=3 SV=1	Penicillium brevicompactum	390	1543	76.6	86.1	0.0
214	TR	A0A7D8Z0A4	S-adenosylmethionine synthase OS=Vanrija humicola OX=5417 GN=VHUM_03844 PE=3 SV=1	Vanrija humicola	396	1543	77.9	87.9	0.0
215	TR	A0A9P4IP27	S-adenosylmethionine synthase OS=Rhizodiscina lignyota OX=1504668 GN=NA57DRAFT_73381 PE=3 SV=1	Rhizodiscina lignyota	389	1543	77.2	86.9	0.0
216	TR	A0A2B7XZE7	S-adenosylmethionine synthase OS=Polytolypa hystricis (strain UAMH7299) OX=1447883 GN=AJ80_06018 PE=3 SV=1	Polytolypa hystricis (strain UAMH7299)	392	1543	76.1	87.1	0.0
217	TR	A0A397FXL6	S-adenosylmethionine synthase OS=Aspergillus thermomutatus OX=41047 GN=ETH1 PE=3 SV=1	Aspergillus thermomutatus	387	1543	76.6	86.4	0.0
218	TR	A0A8H6R0T8	S-adenosylmethionine synthase OS=Aspergillus felis OX=1287682 GN=CNMCM5623_008492 PE=3 SV=1	Aspergillus felis	387	1543	76.6	86.6	0.0
219	TR	A0A318ZD13	S-adenosylmethionine synthase OS=Aspergillus saccharolyticus JOP 1030-1 OX=1450539 GN=BP01DRAFT_321420 PE=3 SV=1	Aspergillus saccharolyticus JOP 1030-1	389	1543	75.8	87.1	0.0
220	TR	A0A0L0NMI8	S-adenosylmethionine synthase OS=Tolypocladium ophioglossoides (strain CBS 100239) OX=1163406 GN=TOPH_00204 PE=3 SV=1	Tolypocladium ophioglossoides (strain CBS 100239)	400	1543	77.4	87.1	0.0
221	TR	A0A2J6SCS9	S-adenosylmethionine synthase OS=Hyaloscypha variabilis (strain UAMH 11265 / GT02V1 / F) OX=1149755 GN=L207DRAFT_575234 PE=3 SV=1	Hyaloscypha variabilis (strain UAMH 11265 / GT02V1 / F)	398	1543	76.6	86.6	0.0
222	TR	A0A9P3F5T9	S-adenosylmethionine synthase OS=Aspergillus viridinutans OX=75553 GN=Aspvir_006892 PE=3 SV=1	Aspergillus viridinutans	387	1542	76.4	86.6	0.0
223	TR	A0A5N6DZ56	S-adenosylmethionine synthase OS=Aspergillus parasiticus OX=5067 GN=BDV34DRAFT_186887 PE=3 SV=1	Aspergillus parasiticus	390	1542	75.6	87.1	0.0
224	TR	A0A4S3J7J7	S-adenosylmethionine synthase OS=Aspergillus tanneri OX=1220188 GN=SAM2 PE=3 SV=1	Aspergillus tanneri	389	1542	77.1	86.6	0.0
225	TR	A0A6A6I2Q1	S-adenosylmethionine synthase OS=Trematosphaeria pertusa OX=390896 GN=BU26DRAFT_568573 PE=3 SV=1	Trematosphaeria pertusa	393	1542	77.4	86.6	0.0
226	TR	A0A6G1IB50	S-adenosylmethionine synthase OS=Trichodelitschia bisporula OX=703511 GN=EJ06DRAFT_518274 PE=3 SV=1	Trichodelitschia bisporula	390	1542	77.2	86.8	0.0
227	TR	A0A5N6VMP0	S-adenosylmethionine synthase OS=Aspergillus transmontanensis OX=1034304 GN=BDV41DRAFT_546541 PE=3 SV=1	Aspergillus transmontanensis	390	1542	75.6	87.1	0.0
228	TR	A0AAD6TLI2	S-adenosylmethionine synthase OS=Mycena alexandri OX=1745969 GN=C8F04DRAFT_1062617 PE=3 SV=1	Mycena alexandri	392	1541	76.8	87.9	0.0
229	TR	A0A2K3QII1	S-adenosylmethionine synthase OS=Tolypocladium capitatum OX=45235 GN=TCAP_02754 PE=3 SV=1	Tolypocladium capitatum	410	1541	77.4	87.1	0.0
230	TR	A0A5N6YXT6	S-adenosylmethionine synthase OS=Aspergillus coremiiformis OX=138285 GN=BDV28DRAFT_143360 PE=3 SV=1	Aspergillus coremiiformis	390	1541	77.2	86.6	0.0
231	TR	Q5BE08	S-adenosylmethionine synthase OS=Emericella nidulans (strain FGSC A4 / ATCC 38163 / CBS 112.46 / NRRL 194 / M139) OX=227321 GN=ANIA_01222 PE=3 SV=1	Emericella nidulans (strain FGSC A4 / ATCC 38163 / CBS 112.46 / NRRL 194 / M139)	388	1540	76.6	86.6	0.0
232	TR	B8NJU1	S-adenosylmethionine synthase OS=Aspergillus flavus (strain ATCC 200026 / FGSC A1120 / IAM 13836 / NRRL 3357 / JCM 12722 / SRRC 167) OX=332952 GN=F9C07_8325 PE=3 SV=1	Aspergillus flavus (strain ATCC 200026 / FGSC A1120 / IAM 13836 / NRRL 3357 / JCM 12722 / SRRC 167)	390	1540	75.3	87.1	0.0
233	TR	A0A5N6YMM5	S-adenosylmethionine synthase OS=Aspergillus arachidicola OX=656916 GN=BDV24DRAFT_123200 PE=3 SV=1	Aspergillus arachidicola	390	1540	75.3	87.1	0.0
234	TR	A0A2V5HD36	S-adenosylmethionine synthase OS=Aspergillus violaceofuscus (strain CBS 115571) OX=1450538 GN=BO99DRAFT_346442 PE=3 SV=1	Aspergillus violaceofuscus (strain CBS 115571)	389	1540	75.5	87.4	0.0
235	TR	A0A1Y2FUQ9	S-adenosylmethionine synthase OS=Protomyces lactucae-debilis OX=2754530 GN=BCR37DRAFT_401607 PE=3 SV=1	Protomyces lactucae-debilis	381	1540	78.1	86.8	0.0
236	TR	A0A1L9WW21	S-adenosylmethionine synthase OS=Aspergillus aculeatus (strain ATCC 16872 / CBS 172.66 / WB 5094) OX=690307 GN=ASPACDRAFT_42950 PE=3 SV=1	Aspergillus aculeatus (strain ATCC 16872 / CBS 172.66 / WB 5094)	389	1540	75.5	87.4	0.0
237	TR	A0A5N6J2H7	S-adenosylmethionine synthase OS=Aspergillus minisclerotigenes OX=656917 GN=BDV30DRAFT_213083 PE=3 SV=1	Aspergillus minisclerotigenes	390	1540	75.3	87.1	0.0
238	TR	A0A8G1RVE1	S-adenosylmethionine synthase OS=Aspergillus fijiensis CBS 313.89 OX=1448319 GN=BO72DRAFT_458067 PE=3 SV=1	Aspergillus fijiensis CBS 313.89	389	1540	75.5	87.4	0.0
239	TR	Q2U2Q7	S-adenosylmethionine synthase OS=Aspergillus oryzae (strain ATCC 42149 / RIB 40) OX=510516 GN=AO090038000357 PE=3 SV=1	Aspergillus oryzae (strain ATCC 42149 / RIB 40)	390	1540	75.3	87.1	0.0
240	TR	B0CS39	S-adenosylmethionine synthase OS=Laccaria bicolor (strain S238N-H82 / ATCC MYA-4686) OX=486041 GN=LACBIDRAFT_188038 PE=3 SV=1	Laccaria bicolor (strain S238N-H82 / ATCC MYA-4686)	393	1540	76.3	88.7	0.0
241	TR	A0A364LVP7	S-adenosylmethionine synthase OS=Aspergillus flavus OX=5059 GN=BDV35DRAFT_371434 PE=3 SV=1	Aspergillus flavus	390	1540	75.3	87.1	0.0
242	TR	A0A2C5X8M2	S-adenosylmethionine synthase OS=Ceratocystis fimbriata CBS 114723 OX=1035309 GN=eth-1 PE=3 SV=1	Ceratocystis fimbriata CBS 114723	383	1540	77.0	86.4	0.0
243	TR	I7ZRU4	S-adenosylmethionine synthase OS=Aspergillus oryzae (strain 3.042) OX=1160506 GN=Ao3042_09299 PE=3 SV=1	Aspergillus oryzae (strain 3.042)	390	1540	75.3	87.1	0.0
244	TR	A0A5N6ERP7	S-adenosylmethionine synthase OS=Aspergillus novoparasiticus OX=986946 GN=BDV33DRAFT_98692 PE=3 SV=1	Aspergillus novoparasiticus	390	1540	75.3	87.1	0.0
245	TR	A0AAD3TXR5	S-adenosylmethionine synthase OS=Cutaneotrichosporon spelunceum OX=1672016 GN=SAM2 PE=3 SV=1	Cutaneotrichosporon spelunceum	396	1540	77.7	87.4	0.0
246	TR	A0A1S9DJM6	S-adenosylmethionine synthase OS=Aspergillus oryzae OX=5062 GN=OAory_01104320 PE=3 SV=1	Aspergillus oryzae	390	1540	75.3	87.1	0.0
247	TR	A0A0F8B1S2	S-adenosylmethionine synthase OS=Ceratocystis fimbriata f. sp. platani OX=88771 GN=eth-1 PE=3 SV=1	Ceratocystis fimbriata f. sp. platani	383	1540	77.0	86.4	0.0
248	TR	A0A8T8XI21	S-adenosylmethionine synthase OS=Aspergillus japonicus CBS 114.51 OX=1448312 GN=BO86DRAFT_374500 PE=3 SV=1	Aspergillus japonicus CBS 114.51	389	1540	75.5	87.4	0.0
249	TR	D8PSU6	S-adenosylmethionine synthase OS=Schizophyllum commune (strain H4-8 / FGSC 9210) OX=578458 GN=SCHCODRAFT_66073 PE=3 SV=1	Schizophyllum commune (strain H4-8 / FGSC 9210)	391	1539	76.4	87.7	0.0
250	TR	A0A1B7NU83	S-adenosylmethionine synthase OS=Emergomyces africanus OX=1955775 GN=ACJ72_05501 PE=3 SV=1	Emergomyces africanus	390	1539	76.6	86.8	0.0
251	TR	A0A5N7B2P6	S-adenosylmethionine synthase OS=Aspergillus bertholletiae OX=1226010 GN=BDV26DRAFT_265813 PE=3 SV=1	Aspergillus bertholletiae	390	1539	75.3	87.1	0.0
252	TR	A0AB34G3C1	S-adenosylmethionine synthase OS=Purpureocillium lavendulum OX=1247861 GN=metK PE=3 SV=1	Purpureocillium lavendulum	399	1539	76.9	87.4	0.0
253	TR	A0A2J6SYQ5	S-adenosylmethionine synthase OS=Hyaloscypha bicolor E OX=1095630 GN=K444DRAFT_633436 PE=3 SV=1	Hyaloscypha bicolor E	398	1539	76.3	86.6	0.0
254	TR	A0A1L9RVF3	S-adenosylmethionine synthase OS=Aspergillus wentii DTO 134E9 OX=1073089 GN=ASPWEDRAFT_36614 PE=3 SV=1	Aspergillus wentii DTO 134E9	388	1539	76.6	87.1	0.0
255	TR	A0A5N6X072	S-adenosylmethionine synthase OS=Aspergillus sergii OX=1034303 GN=BDV39DRAFT_178677 PE=3 SV=1	Aspergillus sergii	390	1539	75.3	87.1	0.0
256	TR	A0A9P4JCJ0	S-adenosylmethionine synthase OS=Delitschia confertaspora ATCC 74209 OX=1513339 GN=GQ43DRAFT_476029 PE=3 SV=1	Delitschia confertaspora ATCC 74209	397	1538	77.2	86.8	0.0
257	TR	A0A9P5NZJ2	S-adenosylmethionine synthase OS=Gymnopilus junonius OX=109634 GN=CPB84DRAFT_1761174 PE=3 SV=1	Gymnopilus junonius	393	1538	76.8	88.1	0.0
258	TR	A0A150VA91	S-adenosylmethionine synthase OS=Acidomyces richmondensis BFW OX=766039 GN=M433DRAFT_142004 PE=3 SV=1	Acidomyces richmondensis BFW	391	1538	77.0	86.3	0.0
259	TR	A0A9P8MXX4	S-adenosylmethionine synthase OS=Hirsutella rhossiliensis OX=111463 GN=HRG_05872 PE=3 SV=1	Hirsutella rhossiliensis	398	1538	76.9	87.1	0.0
260	TR	A0A2J6PU11	S-adenosylmethionine synthase OS=Hyaloscypha hepaticicola OX=2082293 GN=NA56DRAFT_662148 PE=3 SV=1	Hyaloscypha hepaticicola	400	1538	76.3	86.6	0.0
261	TR	A0A6A6C168	S-adenosylmethionine synthase OS=Zasmidium cellare ATCC 36951 OX=1080233 GN=M409DRAFT_59866 PE=3 SV=1	Zasmidium cellare ATCC 36951	394	1538	75.0	86.6	0.0
262	TR	A0AAD7TXA4	S-adenosylmethionine synthase OS=Trametes cubensis OX=1111947 GN=ONZ51_g4951 PE=3 SV=1	Trametes cubensis	1376	1537	76.3	87.1	0.0
263	TR	A0A5N7CYA7	S-adenosylmethionine synthase OS=Aspergillus pseudonomiae OX=1506151 GN=BDV37DRAFT_262498 PE=3 SV=1	Aspergillus pseudonomiae	390	1537	75.1	87.1	0.0
264	TR	A0A4Q2DMI0	S-adenosylmethionine synthase OS=Candolleomyces aberdarensis OX=2316362 GN=EST38_g5326 PE=3 SV=1	Candolleomyces aberdarensis	392	1537	76.7	88.1	0.0
265	TR	A0A8H4QP36	S-adenosylmethionine synthase OS=Agrocybe pediades OX=84607 GN=D9613_002980 PE=3 SV=1	Agrocybe pediades	393	1537	76.5	87.6	0.0
266	TR	A0A9P9MEB9	S-adenosylmethionine synthase OS=Rhexocercosporidium sp. MPI-PUGE-AT-0058 OX=2042821 GN=BKA65DRAFT_58186 PE=3 SV=1	Rhexocercosporidium sp. MPI-PUGE-AT-0058	392	1537	77.2	86.5	0.0
267	TR	A0A9W8JBI3	S-adenosylmethionine synthase (Fragment) OS=Candolleomyces eurysporus OX=2828524 GN=H1R20_g7109 PE=3 SV=1	Candolleomyces eurysporus	392	1537	76.7	88.1	0.0
268	TR	A0A8H7CHY6	S-adenosylmethionine synthase OS=Mycena venus OX=2733690 GN=MVEN_02034000 PE=3 SV=1	Mycena venus	392	1537	76.6	87.9	0.0
269	TR	A0A1Y2M4U2	S-adenosylmethionine synthase OS=Epicoccum nigrum OX=105696 GN=B5807_04425 PE=3 SV=1	Epicoccum nigrum	396	1537	78.0	86.5	0.0
270	TR	A0A6A6TZA3	S-adenosylmethionine synthase OS=Microthyrium microscopicum OX=703497 GN=BT63DRAFT_418000 PE=3 SV=1	Microthyrium microscopicum	384	1537	76.5	87.3	0.0
271	TR	A0A3N4L1B3	S-adenosylmethionine synthase OS=Morchella conica CCBAS932 OX=1392247 GN=P167DRAFT_604202 PE=3 SV=1	Morchella conica CCBAS932	384	1537	76.8	87.1	0.0
272	TR	A0A0F8VNF0	S-adenosylmethionine synthase OS=Aspergillus ochraceoroseus OX=138278 GN=AOCH_004906 PE=3 SV=1	Aspergillus ochraceoroseus	390	1536	76.8	86.6	0.0
273	TR	A0A2J5HVP8	S-adenosylmethionine synthase OS=Aspergillus taichungensis OX=482145 GN=BDW42DRAFT_168755 PE=3 SV=1	Aspergillus taichungensis	390	1535	76.6	86.1	0.0
274	TR	A0A0D2AF23	S-adenosylmethionine synthase OS=Verruconis gallopava OX=253628 GN=PV09_03426 PE=3 SV=1	Verruconis gallopava	388	1535	77.3	86.3	0.0
275	TR	A0A423XNY9	S-adenosylmethionine synthase OS=Cytospora leucostoma OX=1230097 GN=VPNG_00012 PE=3 SV=1	Cytospora leucostoma	395	1535	76.9	87.4	0.0
276	TR	A1CQ53	S-adenosylmethionine synthase OS=Aspergillus clavatus (strain ATCC 1007 / CBS 513.65 / DSM 816 / NCTC 3887 / NRRL 1 / QM 1276 / 107) OX=344612 GN=ACLA_024900 PE=3 SV=1	Aspergillus clavatus (strain ATCC 1007 / CBS 513.65 / DSM 816 / NCTC 3887 / NRRL 1 / QM 1276 / 107)	387	1535	76.4	86.1	0.0
277	TR	A0A8H6WCK5	S-adenosylmethionine synthase OS=Mycena kentingensis (nom. inval.) OX=1325293 GN=MKEN_01052900 PE=3 SV=1	Mycena kentingensis (nom. inval.)	392	1535	76.3	88.2	0.0
278	TR	A8NEX9	S-adenosylmethionine synthase OS=Coprinopsis cinerea (strain Okayama-7 / 130 / ATCC MYA-4618 / FGSC 9003) OX=240176 GN=CC1G_01221 PE=3 SV=1	Coprinopsis cinerea (strain Okayama-7 / 130 / ATCC MYA-4618 / FGSC 9003)	395	1534	76.3	88.1	0.0
279	TR	K3VVK8	S-adenosylmethionine synthase OS=Fusarium pseudograminearum (strain CS3096) OX=1028729 GN=FPSE_00084 PE=3 SV=1	Fusarium pseudograminearum (strain CS3096)	402	1534	76.6	86.9	0.0
280	TR	R8BVS5	S-adenosylmethionine synthase OS=Phaeoacremonium minimum (strain UCR-PA7) OX=1286976 GN=UCRPA7_1079 PE=3 SV=1	Phaeoacremonium minimum (strain UCR-PA7)	402	1534	76.1	86.6	0.0
281	TR	A0A8H8UKA9	S-adenosylmethionine synthase OS=Lachnellula occidentalis OX=215460 GN=eth-1 PE=3 SV=1	Lachnellula occidentalis	395	1534	75.8	86.8	0.0
282	TR	A0A0G2HWQ1	S-adenosylmethionine synthase OS=Emmonsia crescens UAMH 3008 OX=1247875 GN=EMCG_03089 PE=3 SV=1	Emmonsia crescens UAMH 3008	389	1534	76.6	86.8	0.0
283	TR	I1RA94	S-adenosylmethionine synthase OS=Gibberella zeae (strain ATCC MYA-4620 / CBS 123657 / FGSC 9075 / NRRL 31084 / PH-1) OX=229533 GN=FG00421.1 PE=3 SV=1	Gibberella zeae (strain ATCC MYA-4620 / CBS 123657 / FGSC 9075 / NRRL 31084 / PH-1)	402	1534	76.6	86.9	0.0
284	TR	A0AAN6C561	S-adenosylmethionine synthase OS=Fusarium austroamericanum OX=282268 GN=FAUST_3318 PE=3 SV=1	Fusarium austroamericanum	402	1534	76.6	86.9	0.0
285	TR	A0A2K1R0E6	S-adenosylmethionine synthase OS=Sphaceloma murrayae OX=2082308 GN=CAC42_2898 PE=3 SV=1	Sphaceloma murrayae	462	1533	77.0	86.5	0.0
286	TR	A0A1L7X775	S-adenosylmethionine synthase OS=Phialocephala subalpina OX=576137 GN=PAC_10774 PE=3 SV=1	Phialocephala subalpina	401	1533	76.6	86.3	0.0
287	TR	A0A9P4TIF1	S-adenosylmethionine synthase OS=Curvularia kusanoi OX=90978 GN=ETH1 PE=3 SV=1	Curvularia kusanoi	395	1533	77.5	86.5	0.0
288	TR	A0A5C3LBM3	S-adenosylmethionine synthase OS=Coprinopsis marcescibilis OX=230819 GN=FA15DRAFT_631200 PE=3 SV=1	Coprinopsis marcescibilis	395	1533	76.0	88.4	0.0
289	TR	A0A319D4V5	S-adenosylmethionine synthase OS=Aspergillus ellipticus CBS 707.79 OX=1448320 GN=BO71DRAFT_442643 PE=3 SV=1	Aspergillus ellipticus CBS 707.79	389	1533	75.3	87.1	0.0
290	TR	A0A4Y7QCP0	S-adenosylmethionine synthase OS=Rickenella mellea OX=50990 GN=BD410DRAFT_72689 PE=3 SV=1	Rickenella mellea	400	1533	76.2	87.0	0.0
291	TR	A0A7S8DCV9	S-adenosylmethionine synthase OS=Fusarium culmorum OX=5516 GN=HYE67_008355 PE=3 SV=1	Fusarium culmorum	402	1533	76.6	86.6	0.0
292	TR	A0A0D2MSQ2	S-adenosylmethionine synthase OS=Hypholoma sublateritium (strain FD-334 SS-4) OX=945553 GN=HYPSUDRAFT_179813 PE=3 SV=1	Hypholoma sublateritium (strain FD-334 SS-4)	391	1533	76.8	87.3	0.0
293	TR	A0A0H1B8E7	S-adenosylmethionine synthase OS=Blastomyces silverae OX=2060906 GN=EMPG_11001 PE=3 SV=1	Blastomyces silverae	390	1532	75.5	87.1	0.0
294	TR	A0A0J8QKU2	S-adenosylmethionine synthase OS=Coccidioides immitis RMSCC 3703 OX=454286 GN=CISG_09900 PE=3 SV=1	Coccidioides immitis RMSCC 3703	392	1532	77.1	86.8	0.0
295	TR	A0A1J9P765	S-adenosylmethionine synthase OS=Emergomyces pasteurianus Ep9510 OX=1447872 GN=AJ78_07383 PE=3 SV=1	Emergomyces pasteurianus Ep9510	390	1532	76.3	86.3	0.0
296	TR	A0A218Z785	S-adenosylmethionine synthase OS=Diplocarpon coronariae OX=2795749 GN=B2J93_4505 PE=3 SV=1	Diplocarpon coronariae	393	1532	77.2	86.2	0.0
297	TR	S7ZNL9	S-adenosylmethionine synthase OS=Penicillium oxalicum (strain 114-2 / CGMCC 5302) OX=933388 GN=PDE_07230 PE=3 SV=1	Penicillium oxalicum (strain 114-2 / CGMCC 5302)	390	1532	75.8	87.1	0.0
298	TR	R7YPP2	S-adenosylmethionine synthase OS=Coniosporium apollinis (strain CBS 100218) OX=1168221 GN=W97_03100 PE=3 SV=1	Coniosporium apollinis (strain CBS 100218)	393	1532	76.3	86.6	0.0
299	TR	A0AAW0GJM1	S-adenosylmethionine synthase OS=Cerrena zonata OX=2478898 GN=ETH1 PE=3 SV=1	Cerrena zonata	394	1532	76.8	87.1	0.0
300	TR	J3K1C6	S-adenosylmethionine synthase OS=Coccidioides immitis (strain RS) OX=246410 GN=CIMG_08970 PE=3 SV=2	Coccidioides immitis (strain RS)	392	1532	77.1	86.8	0.0
301	TR	A0A8K0X258	S-adenosylmethionine synthase OS=Plectosphaerella cucumerina OX=40658 GN=B0T11DRAFT_115108 PE=3 SV=1	Plectosphaerella cucumerina	396	1532	76.6	87.1	0.0
302	TR	A0AAD7MBS7	S-adenosylmethionine synthase OS=Mycena rosella OX=1033263 GN=B0H17DRAFT_915541 PE=3 SV=1	Mycena rosella	392	1531	76.3	87.6	0.0
303	TR	A0A9W8ZC14	S-adenosylmethionine synthase OS=Didymella pomorum OX=749634 GN=SAM2 PE=3 SV=1	Didymella pomorum	395	1531	77.5	86.0	0.0
304	TR	A0A5M9JG34	S-adenosylmethionine synthase OS=Monilinia fructicola OX=38448 GN=EYC84_010016 PE=3 SV=1	Monilinia fructicola	392	1531	77.1	86.1	0.0
305	TR	A0A6J3LXT4	S-adenosylmethionine synthase OS=Dissoconium aciculare CBS 342.82 OX=1314786 GN=K489DRAFT_411803 PE=3 SV=1	Dissoconium aciculare CBS 342.82	393	1531	75.3	87.4	0.0
306	TR	A0A8H7YWH2	S-adenosylmethionine synthase OS=Ajellomyces capsulatus OX=5037 GN=I7I52_10172 PE=3 SV=1	Ajellomyces capsulatus	390	1531	75.8	86.6	0.0
307	TR	A0A8H6W0Y0	S-adenosylmethionine synthase OS=Mycena indigotica OX=2126181 GN=MIND_01076900 PE=3 SV=1	Mycena indigotica	392	1531	76.1	87.9	0.0
308	TR	K1X5D2	S-adenosylmethionine synthase OS=Marssonina brunnea f. sp. multigermtubi (strain MB_m1) OX=1072389 GN=MBM_05859 PE=3 SV=1	Marssonina brunnea f. sp. multigermtubi (strain MB_m1)	393	1531	76.3	86.6	0.0
309	TR	A0A6A5KQK0	S-adenosylmethionine synthase OS=Decorospora gaudefroyi OX=184978 GN=BDW02DRAFT_565010 PE=3 SV=1	Decorospora gaudefroyi	395	1531	77.1	85.5	0.0
310	TR	F0UAT3	S-adenosylmethionine synthase OS=Ajellomyces capsulatus (strain H88) OX=544711 GN=HCEG_02164 PE=3 SV=1	Ajellomyces capsulatus (strain H88)	390	1531	75.8	86.6	0.0
311	TR	A0AAD7ILP5	S-adenosylmethionine synthase OS=Mycena maculata OX=230809 GN=DFH07DRAFT_834185 PE=3 SV=1	Mycena maculata	392	1531	76.6	87.1	0.0
312	TR	C0NJ74	S-adenosylmethionine synthase OS=Ajellomyces capsulatus (strain G186AR / H82 / ATCC MYA-2454 / RMSCC 2432) OX=447093 GN=HCBG_03204 PE=3 SV=1	Ajellomyces capsulatus (strain G186AR / H82 / ATCC MYA-2454 / RMSCC 2432)	390	1531	75.8	86.6	0.0
313	TR	A0AAN6NXP3	S-adenosylmethionine synthase OS=Pseudoneurospora amorphoporcata OX=241081 GN=QBC32DRAFT_101133 PE=3 SV=1	Pseudoneurospora amorphoporcata	395	1531	76.9	86.6	0.0
314	TR	A0A6A6ZKZ6	S-adenosylmethionine synthase OS=Ophiobolus disseminans OX=1469910 GN=CC86DRAFT_410854 PE=3 SV=1	Ophiobolus disseminans	395	1531	76.7	86.5	0.0
315	TR	A0A0J0XP96	S-adenosylmethionine synthase OS=Cutaneotrichosporon oleaginosum OX=879819 GN=CC85DRAFT_72570 PE=3 SV=1	Cutaneotrichosporon oleaginosum	396	1531	76.9	87.4	0.0
316	TR	A0A6A6WYZ0	S-adenosylmethionine synthase OS=Melanomma pulvis-pyrius CBS 109.77 OX=1314802 GN=K505DRAFT_328302 PE=3 SV=1	Melanomma pulvis-pyrius CBS 109.77	395	1531	76.8	85.5	0.0
317	TR	A0A2V1CM22	S-adenosylmethionine synthase OS=Cadophora sp. DSE1049 OX=1485229 GN=DL98DRAFT_408222 PE=3 SV=1	Cadophora sp. DSE1049	392	1531	76.6	86.6	0.0
318	TR	A0A1Y2J4P5	S-adenosylmethionine synthase OS=Trametes coccinea (strain BRFM310) OX=1353009 GN=PYCCODRAFT_1356704 PE=3 SV=1	Trametes coccinea (strain BRFM310)	396	1531	75.5	87.4	0.0
319	TR	A0A9P6ZKW1	S-adenosylmethionine synthase OS=Suillus placidus OX=48579 GN=EV702DRAFT_1139297 PE=3 SV=1	Suillus placidus	392	1530	76.5	87.9	0.0
320	TR	A0A9P5D1M1	S-adenosylmethionine synthase OS=Geosmithia morbida OX=1094350 GN=GMORB2_5784 PE=3 SV=1	Geosmithia morbida	388	1530	76.5	87.2	0.0
321	TR	M3BY29	S-adenosylmethionine synthase OS=Sphaerulina musiva (strain SO2202) OX=692275 GN=SEPMUDRAFT_66528 PE=3 SV=1	Sphaerulina musiva (strain SO2202)	394	1530	74.7	86.6	0.0
322	TR	A0A8H7T4T9	S-adenosylmethionine synthase OS=Cadophora malorum OX=108018 GN=ETH1 PE=3 SV=1	Cadophora malorum	392	1530	76.7	86.8	0.0
323	TR	A0A2B7Z9G8	S-adenosylmethionine synthase OS=Emmonsia crescens OX=73230 GN=GX50_04066 PE=3 SV=1	Emmonsia crescens	389	1530	76.3	86.6	0.0
324	TR	A0AAJ0MP22	S-adenosylmethionine synthase OS=Neurospora hispaniola OX=588809 GN=B0T23DRAFT_320536 PE=3 SV=1	Neurospora hispaniola	395	1530	77.2	86.1	0.0
325	TR	A0A2T3B3H0	S-adenosylmethionine synthase OS=Amorphotheca resinae ATCC 22711 OX=857342 GN=M430DRAFT_41538 PE=3 SV=1	Amorphotheca resinae ATCC 22711	394	1530	75.5	87.1	0.0
326	TR	A0A8H5G595	S-adenosylmethionine synthase OS=Leucoagaricus leucothites OX=201217 GN=D9756_001300 PE=3 SV=1	Leucoagaricus leucothites	393	1530	76.0	86.8	0.0
327	TR	A0A9P8V8W2	S-adenosylmethionine synthase OS=Plectosphaerella plurivora OX=936078 GN=F5X68DRAFT_223379 PE=3 SV=1	Plectosphaerella plurivora	396	1530	76.1	86.9	0.0
328	TR	A0AAF0IMD9	S-adenosylmethionine synthase OS=Emydomyces testavorans OX=2070801 GN=SAM2 PE=3 SV=1	Emydomyces testavorans	392	1530	76.3	87.1	0.0
329	TR	F8N0R8	S-adenosylmethionine synthase OS=Neurospora tetrasperma (strain FGSC 2508 / ATCC MYA-4615 / P0657) OX=510951 GN=NEUTE1DRAFT_73194 PE=3 SV=1	Neurospora tetrasperma (strain FGSC 2508 / ATCC MYA-4615 / P0657)	395	1530	77.2	86.1	0.0
330	TR	A0A395RMB4	S-adenosylmethionine synthase OS=Fusarium sporotrichioides OX=5514 GN=FSPOR_10210 PE=3 SV=1	Fusarium sporotrichioides	402	1530	76.4	86.6	0.0
331	TR	F7W1H4	S-adenosylmethionine synthase OS=Sordaria macrospora (strain ATCC MYA-333 / DSM 997 / K(L3346) / K-hell) OX=771870 GN=SMAC_04316 PE=3 SV=1	Sordaria macrospora (strain ATCC MYA-333 / DSM 997 / K(L3346) / K-hell)	395	1530	76.9	86.4	0.0
332	TR	A0A9P9TVT7	S-adenosylmethionine synthase OS=Sordaria sp. MPI-SDFR-AT-0083 OX=2830617 GN=B0T09DRAFT_44335 PE=3 SV=1	Sordaria sp. MPI-SDFR-AT-0083	395	1530	76.9	86.4	0.0
333	TR	A0AAN6I8C4	S-adenosylmethionine synthase OS=Pichia angusta OX=870730 GN=KL928_000529 PE=3 SV=1	Pichia angusta	395	1530	79.2	88.0	0.0
334	TR	A0A8S8ZY57	S-adenosylmethionine synthase OS=Sordaria macrospora OX=5147 GN=SMACR_04316 PE=3 SV=1	Sordaria macrospora	395	1530	76.9	86.4	0.0
335	SP	P48466	S-adenosylmethionine synthase OS=Neurospora crassa (strain ATCC 24698 / 74-OR23-1A / CBS 708.71 / DSM 1257 / FGSC 987) OX=367110 GN=eth-1 PE=1 SV=1	Neurospora crassa (strain ATCC 24698 / 74-OR23-1A / CBS 708.71 / DSM 1257 / FGSC 987)	395	1530	77.2	86.1	0.0
336	TR	F2TBS6	S-adenosylmethionine synthase OS=Ajellomyces dermatitidis (strain ATCC 18188 / CBS 674.68) OX=653446 GN=BDDG_03630 PE=3 SV=1	Ajellomyces dermatitidis (strain ATCC 18188 / CBS 674.68)	390	1529	75.5	86.8	0.0
337	TR	A0A6A6FCX4	S-adenosylmethionine synthase OS=Cercospora zeae-maydis SCOH1-5 OX=717836 GN=CERZMDRAFT_106486 PE=3 SV=1	Cercospora zeae-maydis SCOH1-5	393	1529	74.7	86.8	0.0
338	TR	A0A8H6IE28	S-adenosylmethionine synthase OS=Tulosesus angulatus OX=980116 GN=DFP72DRAFT_873683 PE=3 SV=1	Tulosesus angulatus	392	1529	76.0	87.9	0.0
339	TR	A0A3N4M5Z3	S-adenosylmethionine synthase OS=Terfezia boudieri ATCC MYA-4762 OX=1051890 GN=L211DRAFT_833428 PE=3 SV=1	Terfezia boudieri ATCC MYA-4762	383	1529	77.0	86.5	0.0
340	TR	A0A409YAG5	S-adenosylmethionine synthase OS=Gymnopilus dilepis OX=231916 GN=CVT26_009270 PE=3 SV=1	Gymnopilus dilepis	393	1529	76.0	87.9	0.0
341	TR	A0A6A6GQG8	S-adenosylmethionine synthase OS=Elsinoe ampelina OX=302913 GN=BDZ85DRAFT_10633 PE=3 SV=1	Elsinoe ampelina	394	1529	77.0	86.2	0.0
342	TR	C4JQQ3	S-adenosylmethionine synthase OS=Uncinocarpus reesii (strain UAMH 1704) OX=336963 GN=UREG_03398 PE=3 SV=1	Uncinocarpus reesii (strain UAMH 1704)	392	1529	76.8	87.1	0.0
343	TR	A0AAE0PAX9	S-adenosylmethionine synthase OS=Sordaria brevicollis OX=83679 GN=B0T20DRAFT_271531 PE=3 SV=1	Sordaria brevicollis	396	1529	76.9	86.4	0.0
344	TR	A0A7R8AQP0	S-adenosylmethionine synthase OS=Aspergillus puulaauensis OX=1220207 GN=SAM2 PE=3 SV=1	Aspergillus puulaauensis	389	1529	75.5	86.8	0.0
345	TR	A0A1J9Q7Y9	S-adenosylmethionine synthase OS=Blastomyces percursus OX=1658174 GN=ACJ73_03998 PE=3 SV=1	Blastomyces percursus	390	1529	75.8	86.8	0.0
346	TR	A0A9P9AWD0	S-adenosylmethionine synthase OS=Thelonectria olida OX=1576542 GN=B0T10DRAFT_555872 PE=3 SV=1	Thelonectria olida	406	1529	75.9	86.6	0.0
347	TR	A0A8H5FB86	S-adenosylmethionine synthase OS=Psilocybe cf. subviscida OX=2480587 GN=D9619_005398 PE=3 SV=1	Psilocybe cf. subviscida	391	1529	76.5	87.3	0.0
348	TR	A0A179V1P5	S-adenosylmethionine synthase OS=Blastomyces gilchristii (strain SLH14081) OX=559298 GN=BDBG_09319 PE=3 SV=1	Blastomyces gilchristii (strain SLH14081)	390	1529	75.5	86.8	0.0
349	TR	A0A395SPH5	S-adenosylmethionine synthase OS=Fusarium longipes OX=694270 GN=FLONG3_6133 PE=3 SV=1	Fusarium longipes	402	1529	76.1	86.6	0.0
350	TR	A0A9W8X2D1	S-adenosylmethionine synthase OS=Didymella glomerata OX=749621 GN=SAM2 PE=3 SV=1	Didymella glomerata	395	1528	77.8	85.7	0.0
351	TR	A0A507QHS7	S-adenosylmethionine synthase OS=Monascus purpureus OX=5098 GN=ETH1 PE=3 SV=1	Monascus purpureus	386	1528	76.7	86.8	0.0
352	TR	A0A6A6TQV7	S-adenosylmethionine synthase OS=Lophiostoma macrostomum CBS 122681 OX=1314788 GN=K491DRAFT_700843 PE=3 SV=1	Lophiostoma macrostomum CBS 122681	395	1528	77.0	86.5	0.0
353	TR	A0A5C3QQW5	S-adenosylmethionine synthase OS=Pterulicium gracile OX=1884261 GN=BDV98DRAFT_565045 PE=3 SV=1	Pterulicium gracile	396	1528	76.3	88.1	0.0
354	TR	A0A8H6TVR5	S-adenosylmethionine synthase OS=Mycena chlorophos OX=658473 GN=HMN09_00041500 PE=3 SV=1	Mycena chlorophos	392	1528	76.3	88.1	0.0
355	TR	A0AAN9UIM7	S-adenosylmethionine synthase OS=Cytospora paraplurivora OX=2898453 GN=SAM2 PE=3 SV=1	Cytospora paraplurivora	395	1528	76.6	87.1	0.0
356	TR	G0S098	S-adenosylmethionine synthase OS=Chaetomium thermophilum (strain DSM 1495 / CBS 144.50 / IMI 039719) OX=759272 GN=CTHT_0009260 PE=3 SV=1	Chaetomium thermophilum (strain DSM 1495 / CBS 144.50 / IMI 039719)	399	1528	76.6	86.6	0.0
357	TR	A0AAD6XL01	S-adenosylmethionine synthase OS=Mycena belliarum OX=1033014 GN=B0H15DRAFT_846498 PE=3 SV=1	Mycena belliarum	392	1528	76.5	87.3	0.0
358	TR	A0AAE0JMY1	S-adenosylmethionine synthase OS=Neurospora tetraspora OX=94610 GN=B0H65DRAFT_437576 PE=3 SV=1	Neurospora tetraspora	395	1528	76.9	86.1	0.0
359	TR	A0A165G1P3	S-adenosylmethionine synthase OS=Laetiporus sulphureus 93-53 OX=1314785 GN=LAESUDRAFT_722676 PE=3 SV=1	Laetiporus sulphureus 93-53	393	1528	75.5	87.9	0.0
360	TR	A0A061HHR6	S-adenosylmethionine synthase OS=Blumeria graminis f. sp. tritici 96224 OX=1268274 GN=BGT96224_744 PE=3 SV=1	Blumeria graminis f. sp. tritici 96224	395	1528	75.6	86.1	0.0
361	TR	A0A2I2FH30	S-adenosylmethionine synthase OS=Aspergillus candidus OX=41067 GN=BDW47DRAFT_101965 PE=3 SV=1	Aspergillus candidus	390	1528	76.1	86.4	0.0
362	TR	A0A9X9QDS5	S-adenosylmethionine synthase OS=Blumeria graminis f. sp. tritici OX=62690 GN=BGT96224V316_LOCUS5005 PE=3 SV=1	Blumeria graminis f. sp. tritici	395	1528	75.6	86.1	0.0
363	TR	A0A9W4GGX4	S-adenosylmethionine synthase OS=Blumeria graminis f. sp. triticale OX=1689686 GN=BGTH12_LOCUS4658 PE=3 SV=1	Blumeria graminis f. sp. triticale	395	1528	75.6	86.1	0.0
364	TR	A0A8T9B2F4	S-adenosylmethionine synthase OS=Lachnellula arida OX=1316785 GN=eth-1 PE=3 SV=1	Lachnellula arida	395	1527	75.8	86.8	0.0
365	TR	A0A022W4K6	S-adenosylmethionine synthase OS=Trichophyton rubrum CBS 288.86 OX=1215330 GN=H103_03901 PE=3 SV=1	Trichophyton rubrum CBS 288.86	390	1527	76.1	86.6	0.0
366	TR	A0A178EYB3	S-adenosylmethionine synthase OS=Trichophyton rubrum OX=5551 GN=A7C99_4222 PE=3 SV=1	Trichophyton rubrum	390	1527	76.1	86.6	0.0
367	TR	A0A8H4R1F7	S-adenosylmethionine synthase OS=Cudoniella acicularis OX=354080 GN=G7Y89_g14733 PE=3 SV=1	Cudoniella acicularis	392	1527	76.3	86.8	0.0
368	TR	A0A9P6CQU0	S-adenosylmethionine synthase OS=Collybia nuda OX=64659 GN=BDZ94DRAFT_376602 PE=3 SV=1	Collybia nuda	393	1527	75.7	87.9	0.0
369	TR	A0A2I1DCJ6	S-adenosylmethionine synthase OS=Aspergillus campestris (strain IBT 28561) OX=1392248 GN=P168DRAFT_324978 PE=3 SV=1	Aspergillus campestris (strain IBT 28561)	390	1527	75.9	86.4	0.0
370	TR	A0A8H8UYA6	S-adenosylmethionine synthase OS=Orbilia oligospora OX=2813651 GN=SAM2_1 PE=3 SV=1	Orbilia oligospora	391	1527	75.7	86.8	0.0
371	TR	A0AAE0TUE0	S-adenosylmethionine synthase OS=Recurvomyces mirabilis OX=574656 GN=SAM2 PE=3 SV=1	Recurvomyces mirabilis	391	1527	75.7	86.5	0.0
372	TR	W6ZKF3	S-adenosylmethionine synthase OS=Bipolaris oryzae ATCC 44560 OX=930090 GN=COCMIDRAFT_34514 PE=3 SV=1	Bipolaris oryzae ATCC 44560	390	1527	76.8	86.0	0.0
373	TR	A0A4Y7SY96	S-adenosylmethionine synthase OS=Coprinellus micaceus OX=71717 GN=FA13DRAFT_1667733 PE=3 SV=1	Coprinellus micaceus	393	1527	76.8	87.1	0.0
374	TR	A0A9P4WLE8	S-adenosylmethionine synthase OS=Didymella heteroderae OX=1769908 GN=ETH1 PE=3 SV=1	Didymella heteroderae	395	1527	77.5	85.7	0.0
375	TR	A0A2L2TUV8	S-adenosylmethionine synthase OS=Fusarium venenatum OX=56646 PE=3 SV=1	Fusarium venenatum	402	1527	76.1	86.6	0.0
376	TR	A0A4Z1I043	S-adenosylmethionine synthase OS=Botryotinia convoluta OX=54673 GN=BCON_0099g00020 PE=3 SV=1	Botryotinia convoluta	395	1527	76.6	86.3	0.0
377	TR	A0A179H219	S-adenosylmethionine synthase OS=Purpureocillium lilacinum OX=33203 GN=PCL_07516 PE=3 SV=1	Purpureocillium lilacinum	399	1527	76.6	86.6	0.0
378	TR	A0A6G1MG20	S-adenosylmethionine synthase OS=Orbilia oligospora OX=2813651 GN=SAM2_1 PE=3 SV=1	Orbilia oligospora	391	1527	75.7	86.8	0.0
379	TR	A0A135LCT7	S-adenosylmethionine synthase OS=Penicillium patulum OX=5078 GN=PGRI_035320 PE=3 SV=1	Penicillium patulum	387	1527	75.6	86.1	0.0
380	TR	C5PCM1	S-adenosylmethionine synthase OS=Coccidioides posadasii (strain C735) OX=222929 GN=CPC735_014270 PE=3 SV=1	Coccidioides posadasii (strain C735)	392	1527	76.8	86.6	0.0
381	TR	A0A6A6RZJ5	S-adenosylmethionine synthase OS=Massarina eburnea CBS 473.64 OX=1395130 GN=P280DRAFT_469924 PE=3 SV=1	Massarina eburnea CBS 473.64	385	1527	76.8	85.2	0.0
382	TR	A0A8H8TY77	S-adenosylmethionine synthase OS=Lachnellula hyalina OX=1316788 GN=eth-1 PE=3 SV=1	Lachnellula hyalina	395	1527	75.8	86.8	0.0
383	TR	A0A9N9LUB7	S-adenosylmethionine synthase OS=Hymenoscyphus albidus OX=595503 GN=HYALB_00012746 PE=3 SV=1	Hymenoscyphus albidus	394	1527	76.3	86.3	0.0
384	TR	A0A0J6FEJ6	S-adenosylmethionine synthase OS=Coccidioides posadasii RMSCC 3488 OX=454284 GN=CPAG_07884 PE=3 SV=1	Coccidioides posadasii RMSCC 3488	392	1527	76.8	86.6	0.0
385	TR	W7EJL2	S-adenosylmethionine synthase OS=Bipolaris victoriae (strain FI3) OX=930091 GN=COCVIDRAFT_36757 PE=3 SV=1	Bipolaris victoriae (strain FI3)	390	1527	76.8	86.0	0.0
386	TR	W6YDS0	S-adenosylmethionine synthase OS=Cochliobolus carbonum (strain 26-R-13) OX=930089 GN=COCCADRAFT_89907 PE=3 SV=1	Cochliobolus carbonum (strain 26-R-13)	390	1527	76.8	86.0	0.0
387	TR	A0A0C9Y485	S-adenosylmethionine synthase OS=Laccaria amethystina LaAM-08-1 OX=1095629 GN=K443DRAFT_672271 PE=3 SV=1	Laccaria amethystina LaAM-08-1	393	1527	76.0	87.9	0.0
388	TR	A0A022XU54	S-adenosylmethionine synthase OS=Trichophyton soudanense CBS 452.61 OX=1215331 GN=H105_03914 PE=3 SV=1	Trichophyton soudanense CBS 452.61	390	1527	76.1	86.6	0.0
389	TR	A0A178FCQ1	S-adenosylmethionine synthase OS=Trichophyton violaceum OX=34388 GN=A7D00_5308 PE=3 SV=1	Trichophyton violaceum	390	1527	76.1	86.6	0.0
390	TR	M2S848	S-adenosylmethionine synthase OS=Cochliobolus sativus (strain ND90Pr / ATCC 201652) OX=665912 GN=COCSADRAFT_118440 PE=3 SV=1	Cochliobolus sativus (strain ND90Pr / ATCC 201652)	390	1527	76.8	86.0	0.0
391	TR	R0K5B4	S-adenosylmethionine synthase OS=Exserohilum turcicum (strain 28A) OX=671987 GN=SETTUDRAFT_164872 PE=3 SV=1	Exserohilum turcicum (strain 28A)	390	1526	76.5	86.0	0.0
392	TR	A0A067SRM7	S-adenosylmethionine synthase OS=Galerina marginata (strain CBS 339.88) OX=685588 GN=GALMADRAFT_251343 PE=3 SV=1	Galerina marginata (strain CBS 339.88)	393	1526	76.0	87.1	0.0
393	TR	A0A507AMB5	S-adenosylmethionine synthase OS=Thyridium curvatum OX=1093900 GN=E0L32_009733 PE=3 SV=1	Thyridium curvatum	401	1526	76.6	86.4	0.0
394	TR	A0A0F7TQ76	S-adenosylmethionine synthase OS=Penicillium brasilianum OX=104259 GN=PMG11_07539 PE=3 SV=1	Penicillium brasilianum	390	1526	75.3	86.1	0.0
395	TR	A0A1S9RY76	S-adenosylmethionine synthase OS=Penicillium brasilianum OX=104259 GN=PEBR_04057 PE=3 SV=1	Penicillium brasilianum	390	1526	75.3	86.1	0.0
396	TR	A0A7D8YTN6	S-adenosylmethionine synthase OS=Lachnellula cervina OX=1316786 GN=eth-1 PE=3 SV=1	Lachnellula cervina	395	1526	75.8	86.8	0.0
397	TR	A0A9P4MN73	S-adenosylmethionine synthase OS=Myriangium duriaei CBS 260.36 OX=1168546 GN=K461DRAFT_221098 PE=3 SV=1	Myriangium duriaei CBS 260.36	390	1526	76.8	86.0	0.0
398	TR	A0A3A2ZE78	S-adenosylmethionine synthase OS=Aspergillus sclerotialis OX=2070753 GN=PHISCL_10030 PE=3 SV=1	Aspergillus sclerotialis	390	1526	75.3	86.6	0.0
399	TR	A0A8A1M5C0	S-adenosylmethionine synthase OS=Ajellomyces capsulatus OX=5037 GN=I7I51_05639 PE=3 SV=1	Ajellomyces capsulatus	390	1526	75.5	86.3	0.0
400	TR	A0A9W9LJ04	S-adenosylmethionine synthase OS=Penicillium canariense OX=189055 GN=N7482_007326 PE=3 SV=1	Penicillium canariense	390	1526	76.3	86.3	0.0
401	TR	A0A8H5TGR0	S-adenosylmethionine synthase OS=Fusarium heterosporum OX=42747 GN=FHETE_4981 PE=3 SV=1	Fusarium heterosporum	403	1526	76.1	86.6	0.0
402	TR	A0A8H8CYH3	S-adenosylmethionine synthase OS=Histoplasma ohiense (nom. inval.) OX=2902605 GN=I7I48_11413 PE=3 SV=1	Histoplasma ohiense (nom. inval.)	390	1526	75.5	86.3	0.0
403	TR	A0A0C2Z6I1	S-adenosylmethionine synthase OS=Hebeloma cylindrosporum OX=76867 GN=M413DRAFT_437972 PE=3 SV=1	Hebeloma cylindrosporum	393	1526	76.7	87.0	0.0
404	TR	A0A8K0VQQ4	S-adenosylmethionine synthase OS=Ilyonectria sp. MPI-CAGE-AT-0026 OX=2824670 GN=BKA56DRAFT_626735 PE=3 SV=1	Ilyonectria sp. MPI-CAGE-AT-0026	405	1526	75.9	86.6	0.0
405	TR	U4LK92	S-adenosylmethionine synthase OS=Pyronema omphalodes (strain CBS 100304) OX=1076935 GN=PCON_12064 PE=3 SV=1	Pyronema omphalodes (strain CBS 100304)	387	1526	75.3	86.6	0.0
406	TR	A0A423VG41	S-adenosylmethionine synthase OS=Cytospora schulzeri OX=448051 GN=VMCG_10095 PE=3 SV=1	Cytospora schulzeri	396	1526	76.9	86.9	0.0
407	TR	A0A9Q8Z9W4	S-adenosylmethionine synthase OS=Curvularia clavata OX=95742 GN=yc1106_04828 PE=3 SV=1	Curvularia clavata	390	1526	77.0	85.8	0.0
408	TR	A6R1C1	S-adenosylmethionine synthase OS=Ajellomyces capsulatus (strain NAm1 / WU24) OX=2059318 GN=HCAG_03428 PE=3 SV=1	Ajellomyces capsulatus (strain NAm1 / WU24)	390	1526	75.5	86.3	0.0
409	TR	A0A9N9L5A4	S-adenosylmethionine synthase OS=Hymenoscyphus fraxineus OX=746836 GN=HYFRA_00012415 PE=3 SV=1	Hymenoscyphus fraxineus	394	1526	76.3	86.3	0.0
410	TR	A0A9P9PDD2	S-adenosylmethionine synthase OS=Cadophora sp. MPI-SDFR-AT-0126 OX=2138324 GN=BKA64DRAFT_646781 PE=3 SV=1	Cadophora sp. MPI-SDFR-AT-0126	392	1526	76.7	86.5	0.0
411	TR	A0A9P7YRP8	S-adenosylmethionine synthase OS=Amylocarpus encephaloides OX=45428 GN=BJ875DRAFT_367244 PE=3 SV=1	Amylocarpus encephaloides	393	1526	76.6	86.1	0.0
412	TR	A0AAD7BWW8	S-adenosylmethionine synthase OS=Roridomyces roridus OX=1738132 GN=FB45DRAFT_792112 PE=3 SV=1	Roridomyces roridus	392	1525	75.8	88.2	0.0
413	TR	A0A8H3TX68	S-adenosylmethionine synthase OS=Naganishia liquefaciens OX=104408 GN=NliqN6_4953 PE=3 SV=1	Naganishia liquefaciens	399	1525	76.4	86.9	0.0
414	TR	A0A8H6RH54	S-adenosylmethionine synthase OS=Pseudocercospora fuligena OX=685502 GN=HII31_07826 PE=3 SV=1	Pseudocercospora fuligena	395	1525	75.5	87.1	0.0
415	TR	A0A1B8B185	S-adenosylmethionine synthase OS=Fusarium poae OX=36050 GN=FPOA_00426 PE=3 SV=1	Fusarium poae	402	1525	76.1	86.6	0.0
416	TR	A0A067NZB1	S-adenosylmethionine synthase OS=Pleurotus ostreatus (strain PC15) OX=1137138 GN=PLEOSDRAFT_1052256 PE=3 SV=1	Pleurotus ostreatus (strain PC15)	384	1525	75.2	87.3	0.0
417	TR	K5Y3B0	S-adenosylmethionine synthase OS=Agaricus bisporus var. burnettii (strain JB137-S8 / ATCC MYA-4627 / FGSC 10392) OX=597362 GN=AGABI1DRAFT_111048 PE=3 SV=1	Agaricus bisporus var. burnettii (strain JB137-S8 / ATCC MYA-4627 / FGSC 10392)	393	1525	76.0	87.6	0.0
418	TR	A0A8J8W8A0	S-adenosylmethionine synthase OS=Penicillium ucsense OX=2839758 GN=PECM_004802 PE=3 SV=1	Penicillium ucsense	390	1525	75.8	85.5	0.0
419	TR	N4X3M4	S-adenosylmethionine synthase OS=Cochliobolus heterostrophus (strain C4 / ATCC 48331 / race T) OX=665024 GN=COCC4DRAFT_180289 PE=3 SV=1	Cochliobolus heterostrophus (strain C4 / ATCC 48331 / race T)	390	1525	76.8	86.0	0.0
420	TR	A0A7C8KQU8	S-adenosylmethionine synthase OS=Orbilia oligospora OX=2813651 GN=SAM2 PE=3 SV=1	Orbilia oligospora	391	1525	75.4	86.8	0.0
421	TR	A0AAW0CFR7	S-adenosylmethionine synthase OS=Favolaschia claudopus OX=2862362 GN=R3P38DRAFT_2903554 PE=3 SV=1	Favolaschia claudopus	392	1525	77.0	87.8	0.0
422	TR	W6Q278	S-adenosylmethionine synthase OS=Penicillium roqueforti (strain FM164) OX=1365484 GN=eth-1 PE=3 SV=1	Penicillium roqueforti (strain FM164)	387	1525	75.9	86.1	0.0
423	TR	U7PKC4	S-adenosylmethionine synthase OS=Sporothrix schenckii (strain ATCC 58251 / de Perez 2211183) OX=1391915 GN=HMPREF1624_07634 PE=3 SV=1	Sporothrix schenckii (strain ATCC 58251 / de Perez 2211183)	397	1525	76.2	86.6	0.0
424	TR	M2UD30	S-adenosylmethionine synthase OS=Cochliobolus heterostrophus (strain C5 / ATCC 48332 / race O) OX=701091 GN=COCHEDRAFT_1187718 PE=3 SV=1	Cochliobolus heterostrophus (strain C5 / ATCC 48332 / race O)	390	1525	76.8	86.0	0.0
425	TR	A0A2T2ZY88	S-adenosylmethionine synthase OS=Coniella lustricola OX=2025994 GN=BD289DRAFT_375470 PE=3 SV=1	Coniella lustricola	398	1525	76.6	87.1	0.0
426	TR	A0A9W7T1S3	S-adenosylmethionine synthase OS=Teratosphaeria destructans OX=418781 GN=Tdes44962_MAKER00075 PE=3 SV=1	Teratosphaeria destructans	392	1525	76.3	86.0	0.0
427	TR	A0A9P9JIL6	S-adenosylmethionine synthase OS=Dactylonectria estremocensis OX=1079267 GN=B0J13DRAFT_518201 PE=3 SV=1	Dactylonectria estremocensis	403	1525	76.3	87.1	0.0
428	TR	A0A8H7JEQ8	S-adenosylmethionine synthase OS=Ascochyta lentis OX=205686 GN=EKO04_001115 PE=3 SV=1	Ascochyta lentis	395	1525	77.0	85.8	0.0
429	TR	A0A8H7DXA8	S-adenosylmethionine synthase OS=Pleurotus ostreatus OX=5322 GN=SAM2 PE=3 SV=1	Pleurotus ostreatus	384	1525	75.2	87.3	0.0
430	TR	A0A0D0AXD2	S-adenosylmethionine synthase OS=Suillus luteus UH-Slu-Lm8-n1 OX=930992 GN=CY34DRAFT_800562 PE=3 SV=1	Suillus luteus UH-Slu-Lm8-n1	392	1525	76.3	87.6	0.0
431	TR	N1J682	S-adenosylmethionine synthase OS=Blumeria graminis f. sp. hordei (strain DH14) OX=546991 GN=BGHDH14_bgh00110 PE=3 SV=1	Blumeria graminis f. sp. hordei (strain DH14)	395	1524	75.3	86.1	0.0
432	TR	A0A4S8QVK9	S-adenosylmethionine synthase OS=Botrytis galanthina OX=278940 GN=BGAL_0218g00130 PE=3 SV=1	Botrytis galanthina	395	1524	76.3	86.3	0.0
433	TR	A0AAD2HM43	S-adenosylmethionine synthase OS=Mycena citricolor OX=2018698 GN=MYCIT1_LOCUS26616 PE=3 SV=1	Mycena citricolor	387	1524	76.0	87.6	0.0
434	TR	A0A9X0ADU7	S-adenosylmethionine synthase OS=Sclerotinia nivalis OX=352851 GN=OCU04_010096 PE=3 SV=1	Sclerotinia nivalis	392	1524	76.1	86.1	0.0
435	TR	A0A383UW84	S-adenosylmethionine synthase OS=Blumeria hordei OX=2867405 GN=BLGHR1_15378 PE=3 SV=1	Blumeria hordei	395	1524	75.3	86.1	0.0
436	TR	A0A0M9EZ87	S-adenosylmethionine synthase OS=Fusarium langsethiae OX=179993 GN=FLAG1_04561 PE=3 SV=1	Fusarium langsethiae	402	1524	76.1	86.4	0.0
437	TR	A0A4Z1JFG8	S-adenosylmethionine synthase OS=Botryotinia narcissicola OX=278944 GN=BOTNAR_0002g00750 PE=3 SV=1	Botryotinia narcissicola	395	1524	76.3	86.3	0.0
438	TR	A0A2C5Z396	S-adenosylmethionine synthase OS=Cordyceps sp. RAO-2017 OX=2004951 GN=CDD83_1407 PE=3 SV=1	Cordyceps sp. RAO-2017	398	1524	76.9	86.1	0.0
439	TR	A0A5C2SRX3	S-adenosylmethionine synthase OS=Lentinus tigrinus ALCF2SS1-6 OX=1328759 GN=L227DRAFT_539796 PE=3 SV=1	Lentinus tigrinus ALCF2SS1-6	396	1524	75.9	87.3	0.0
440	TR	A0A0C2FF28	S-adenosylmethionine synthase OS=Sporothrix brasiliensis 5110 OX=1398154 GN=SPBR_07246 PE=3 SV=1	Sporothrix brasiliensis 5110	397	1524	76.2	86.6	0.0
441	TR	A0A4Z1GHY2	S-adenosylmethionine synthase OS=Botrytis hyacinthi OX=278943 GN=BHYA_0238g00080 PE=3 SV=1	Botrytis hyacinthi	395	1524	76.3	86.3	0.0
442	TR	A0A7U2EQW5	S-adenosylmethionine synthase OS=Phaeosphaeria nodorum (strain SN15 / ATCC MYA-4574 / FGSC 10173) OX=321614 GN=JI435_097210 PE=3 SV=1	Phaeosphaeria nodorum (strain SN15 / ATCC MYA-4574 / FGSC 10173)	394	1524	77.0	86.2	0.0
443	TR	A0A9P5IR86	S-adenosylmethionine synthase OS=Botrytis byssoidea OX=139641 GN=EAE97_002485 PE=3 SV=1	Botrytis byssoidea	395	1524	76.3	86.3	0.0
444	TR	A0A2P7ZDB2	S-adenosylmethionine synthase OS=Elsinoe australis OX=40998 GN=B9Z65_5170 PE=3 SV=1	Elsinoe australis	394	1524	77.3	86.0	0.0
445	TR	A0A9W8MYL9	S-adenosylmethionine synthase OS=Agrocybe chaxingu OX=84603 GN=NLJ89_g2703 PE=3 SV=1	Agrocybe chaxingu	394	1524	76.2	86.8	0.0
446	TR	A0A4Z1JLR3	S-adenosylmethionine synthase OS=Botrytis elliptica OX=278938 GN=BELL_0278g00100 PE=3 SV=1	Botrytis elliptica	395	1524	76.3	86.3	0.0
447	TR	A0A9X0BYC4	S-adenosylmethionine synthase OS=Penicillium diatomitis OX=2819901 GN=N7539_004128 PE=3 SV=1	Penicillium diatomitis	390	1524	75.8	85.5	0.0
448	TR	A0A9W5YHR6	S-adenosylmethionine synthase OS=Aspergillus brasiliensis OX=319629 GN=AbraCBS73388_000319 PE=3 SV=1	Aspergillus brasiliensis	387	1524	74.7	87.1	0.0
449	TR	F0XHI5	S-adenosylmethionine synthase OS=Grosmannia clavigera (strain kw1407 / UAMH 11150) OX=655863 GN=CMQ_2767 PE=3 SV=1	Grosmannia clavigera (strain kw1407 / UAMH 11150)	399	1524	75.7	86.6	0.0
450	TR	A0A9P4YAS1	S-adenosylmethionine synthase OS=Cryphonectria parasitica (strain ATCC 38755 / EP155) OX=660469 GN=M406DRAFT_355226 PE=3 SV=1	Cryphonectria parasitica (strain ATCC 38755 / EP155)	398	1524	76.1	87.1	0.0
451	TR	A0A9W8Z1P7	S-adenosylmethionine synthase OS=Gnomoniopsis smithogilvyi OX=1191159 GN=SAM2 PE=3 SV=1	Gnomoniopsis smithogilvyi	435	1524	75.6	87.1	0.0
452	TR	A0A1Q5UPB4	S-adenosylmethionine synthase OS=Penicillium subrubescens OX=1316194 GN=PENSUB_14088 PE=3 SV=1	Penicillium subrubescens	390	1523	75.3	85.8	0.0
453	TR	A0AAV9VQP3	S-adenosylmethionine synthase OS=Orbilia blumenaviensis OX=1796055 GN=SAM2 PE=3 SV=1	Orbilia blumenaviensis	391	1523	75.9	86.2	0.0
454	TR	A0A9Q9AVI3	S-adenosylmethionine synthase OS=Septoria linicola OX=215465 GN=Slin15195_G095280 PE=3 SV=1	Septoria linicola	395	1523	74.7	86.3	0.0
455	TR	A0A8H7EIE9	S-adenosylmethionine synthase OS=Alternaria burnsii OX=1187904 GN=GT037_001647 PE=3 SV=1	Alternaria burnsii	389	1523	76.8	85.5	0.0
456	TR	A0A4S2N8M9	S-adenosylmethionine synthase OS=Ascodesmis nigricans OX=341454 GN=EX30DRAFT_338035 PE=3 SV=1	Ascodesmis nigricans	386	1523	76.3	86.1	0.0
457	TR	A0AAD7K1U1	S-adenosylmethionine synthase OS=Mycena metata OX=1033252 GN=B0H16DRAFT_1509641 PE=3 SV=1	Mycena metata	392	1523	75.7	87.6	0.0
458	TR	A0A3D8SRC0	S-adenosylmethionine synthase OS=Coleophoma cylindrospora OX=1849047 GN=BP6252_00888 PE=3 SV=1	Coleophoma cylindrospora	394	1523	75.3	86.3	0.0
459	TR	T5A6G9	S-adenosylmethionine synthase OS=Ophiocordyceps sinensis (strain Co18 / CGMCC 3.14243) OX=911162 GN=OCS_06119 PE=3 SV=1	Ophiocordyceps sinensis (strain Co18 / CGMCC 3.14243)	398	1523	76.1	86.6	0.0
460	TR	A0A9P7JK27	S-adenosylmethionine synthase OS=Suillus subaureus OX=48587 GN=BJ212DRAFT_1309156 PE=3 SV=1	Suillus subaureus	432	1523	76.3	87.6	0.0
461	TR	A0A8H4LT78	S-adenosylmethionine synthase OS=Ophiocordyceps sinensis OX=72228 GN=G6O67_007001 PE=3 SV=1	Ophiocordyceps sinensis	398	1523	76.1	86.6	0.0
462	TR	A0A8K0QY10	S-adenosylmethionine synthase OS=Paraphoma chrysanthemicola OX=798071 GN=FB567DRAFT_553468 PE=3 SV=1	Paraphoma chrysanthemicola	396	1523	76.7	86.2	0.0
463	TR	A0A0F7S140	S-adenosylmethionine synthase OS=Sporisorium scitamineum OX=49012 GN=SSCI65690.1 PE=3 SV=1	Sporisorium scitamineum	389	1523	76.1	87.4	0.0
464	TR	A0A1X2HXX3	S-adenosylmethionine synthase OS=Absidia repens OX=90262 GN=BCR42DRAFT_428583 PE=3 SV=1	Absidia repens	383	1523	73.9	87.5	0.0
465	TR	A0AAD6NI54	S-adenosylmethionine synthase OS=Arthrobotrys dactyloides OX=74499 GN=Dda_6017 PE=3 SV=1	Arthrobotrys dactyloides	389	1523	76.1	86.7	0.0
466	TR	A0A060SPG4	S-adenosylmethionine synthase OS=Pycnoporus cinnabarinus OX=5643 GN=BN946_scf184781.g9 PE=3 SV=1	Pycnoporus cinnabarinus	396	1523	75.0	87.6	0.0
467	TR	A0A059JBZ9	S-adenosylmethionine synthase OS=Trichophyton interdigitale (strain MR816) OX=1215338 GN=H109_02799 PE=3 SV=1	Trichophyton interdigitale (strain MR816)	390	1523	75.8	86.6	0.0
468	TR	A0A4Z1ELT6	S-adenosylmethionine synthase OS=Botrytis tulipae OX=87230 GN=BTUL_0150g00230 PE=3 SV=1	Botrytis tulipae	395	1523	76.1	86.3	0.0
469	TR	A0AAV9HJ84	S-adenosylmethionine synthase OS=Cladorrhinum samala OX=585594 GN=QBC42DRAFT_180107 PE=3 SV=1	Cladorrhinum samala	406	1522	75.9	86.6	0.0
470	TR	A0A2S6BUI9	S-adenosylmethionine synthase OS=Cercospora berteroae OX=357750 GN=CBER1_06615 PE=3 SV=1	Cercospora berteroae	393	1522	74.7	86.6	0.0
471	TR	A0A8H7X5A5	S-adenosylmethionine synthase OS=Cadophora sp. M221 OX=2774352 GN=ETH1 PE=3 SV=1	Cadophora sp. M221	392	1522	77.0	86.2	0.0
472	TR	A0A0M8MIY8	S-adenosylmethionine synthase OS=Malassezia pachydermatis OX=77020 GN=Malapachy_0188 PE=3 SV=1	Malassezia pachydermatis	385	1522	75.0	87.6	0.0
473	TR	A0A8H4UTF1	S-adenosylmethionine synthase OS=Fusarium zealandicum OX=1053134 GN=FZEAL_1114 PE=3 SV=1	Fusarium zealandicum	403	1522	76.1	86.4	0.0
474	TR	A0A9P3FL86	S-adenosylmethionine synthase OS=Cercospora kikuchii OX=84275 GN=CKM354_001197200 PE=3 SV=1	Cercospora kikuchii	393	1522	74.7	86.6	0.0
475	TR	A0A9P7G4U4	S-adenosylmethionine synthase OS=Asterophora parasitica OX=117018 GN=ETH1 PE=3 SV=1	Asterophora parasitica	393	1522	75.7	87.6	0.0
476	TR	A0A9P6C3M6	S-adenosylmethionine synthase OS=Macrolepiota fuliginosa MF-IS2 OX=1400762 GN=P691DRAFT_801694 PE=3 SV=1	Macrolepiota fuliginosa MF-IS2	393	1522	76.0	86.5	0.0
477	TR	A0AAD5VN57	S-adenosylmethionine synthase OS=Leucocoprinus birnbaumii OX=56174 GN=NP233_g8048 PE=3 SV=1	Leucocoprinus birnbaumii	393	1522	75.7	87.3	0.0
478	TR	A0A9P6VLI6	S-adenosylmethionine synthase OS=Hyphodiscus hymeniophilus OX=353542 GN=D0Z07_3862 PE=3 SV=1	Hyphodiscus hymeniophilus	397	1522	76.1	86.6	0.0
479	TR	S3CPG6	S-adenosylmethionine synthase OS=Ophiostoma piceae (strain UAMH 11346) OX=1262450 GN=F503_06788 PE=3 SV=1	Ophiostoma piceae (strain UAMH 11346)	392	1522	76.4	86.4	0.0
480	TR	A0AAD9HDX7	S-adenosylmethionine synthase OS=Colletotrichum zoysiae OX=1216348 GN=LX32DRAFT_695082 PE=3 SV=1	Colletotrichum zoysiae	400	1522	75.9	86.1	0.0
481	TR	A0A8H6AML5	S-adenosylmethionine synthase OS=Botrytis fragariae OX=1964551 GN=Bfra_010334 PE=3 SV=1	Botrytis fragariae	395	1522	76.3	86.1	0.0
482	TR	A0A9W9C604	S-adenosylmethionine synthase OS=Didymosphaeria variabile OX=1932322 GN=SAM2 PE=3 SV=1	Didymosphaeria variabile	396	1522	76.3	86.0	0.0
483	TR	A0AAD6GI77	S-adenosylmethionine synthase OS=Penicillium glabrum OX=69773 GN=N7494_004201 PE=3 SV=1	Penicillium glabrum	388	1522	75.8	86.3	0.0
484	TR	A0A6A6AUG0	S-adenosylmethionine synthase OS=Dothidotthia symphoricarpi CBS 119687 OX=1392245 GN=P153DRAFT_362567 PE=3 SV=1	Dothidotthia symphoricarpi CBS 119687	388	1522	76.5	86.5	0.0
485	TR	A0A2C5YY65	S-adenosylmethionine synthase OS=Ophiocordyceps australis OX=1399860 GN=CDD82_6042 PE=3 SV=1	Ophiocordyceps australis	401	1521	76.6	86.1	0.0
486	TR	A0A8A3NYA5	S-adenosylmethionine synthase OS=Monilinia vaccinii-corymbosi OX=61207 GN=DSL72_003590 PE=3 SV=1	Monilinia vaccinii-corymbosi	392	1521	76.1	85.8	0.0
487	TR	A0A1B9GUT1	S-adenosylmethionine synthase OS=Kwoniella heveanensis BCC8398 OX=1296120 GN=I316_03344 PE=3 SV=1	Kwoniella heveanensis BCC8398	396	1521	76.6	86.6	0.0
488	TR	G2YL11	S-adenosylmethionine synthase OS=Botryotinia fuckeliana (strain T4) OX=999810 GN=BofuT4_P081040.1 PE=3 SV=1	Botryotinia fuckeliana (strain T4)	395	1521	76.1	86.1	0.0
489	TR	A0A384JX00	S-adenosylmethionine synthase OS=Botryotinia fuckeliana (strain B05.10) OX=332648 GN=BCIN_11g03520 PE=3 SV=1	Botryotinia fuckeliana (strain B05.10)	395	1521	76.1	86.1	0.0
490	TR	A0AAN7SXL9	S-adenosylmethionine synthase OS=Lithohypha guttulata OX=1690604 GN=SAM2 PE=3 SV=1	Lithohypha guttulata	395	1521	74.7	87.1	0.0
491	TR	M7UEC0	S-adenosylmethionine synthase OS=Botryotinia fuckeliana (strain BcDW1) OX=1290391 GN=BcDW1_9681 PE=3 SV=1	Botryotinia fuckeliana (strain BcDW1)	395	1521	76.1	86.1	0.0
492	TR	A0A8H2VZA7	S-adenosylmethionine synthase OS=Sclerotinia trifoliorum OX=28548 GN=SCLTRI_LOCUS6500 PE=3 SV=1	Sclerotinia trifoliorum	392	1521	76.1	86.1	0.0
493	TR	A0A7C8VR22	S-adenosylmethionine synthase OS=Orbilia oligospora OX=2813651 GN=SAM2_1 PE=3 SV=1	Orbilia oligospora	391	1521	75.1	86.5	0.0
494	TR	A0A8E2EJG5	S-adenosylmethionine synthase OS=Lepidopterella palustris CBS 459.81 OX=1314670 GN=K432DRAFT_388848 PE=3 SV=1	Lepidopterella palustris CBS 459.81	394	1521	76.5	86.2	0.0
495	TR	E3RIC2	S-adenosylmethionine synthase OS=Pyrenophora teres f. teres (strain 0-1) OX=861557 GN=PTT_07756 PE=3 SV=1	Pyrenophora teres f. teres (strain 0-1)	389	1521	76.3	85.8	0.0
496	TR	A0A2W1DT65	S-adenosylmethionine synthase OS=Pyrenophora tritici-repentis OX=45151 GN=Ptr86124_000165 PE=3 SV=1	Pyrenophora tritici-repentis	389	1521	76.5	85.8	0.0
497	TR	A0A8H3UDG6	S-adenosylmethionine synthase OS=Venturia inaequalis OX=5025 GN=BLS_006094 PE=3 SV=1	Venturia inaequalis	390	1521	76.8	85.5	0.0
498	TR	A0A1G4AWT1	S-adenosylmethionine synthase OS=Colletotrichum orchidophilum OX=1209926 GN=CORC01_11075 PE=3 SV=1	Colletotrichum orchidophilum	401	1521	76.1	85.8	0.0
499	TR	A0A9W9IX16	S-adenosylmethionine synthase OS=Penicillium cf. griseofulvum OX=2972120 GN=N7472_010327 PE=3 SV=1	Penicillium cf. griseofulvum	387	1521	75.1	86.1	0.0
500	TR	A0AAN8RRW1	S-adenosylmethionine synthase OS=Orbilia javanica OX=47235 GN=SAM2 PE=3 SV=1	Orbilia javanica	391	1521	75.4	86.5	0.0
501	TR	A0A9P4LQT1	S-adenosylmethionine synthase OS=Setomelanomma holmii OX=210430 GN=EK21DRAFT_99208 PE=3 SV=1	Setomelanomma holmii	396	1521	77.0	86.0	0.0
502	TR	A0A194VTZ8	S-adenosylmethionine synthase OS=Cytospora mali OX=578113 GN=VM1G_02792 PE=3 SV=1	Cytospora mali	396	1521	76.1	87.7	0.0
503	TR	G1WZY0	S-adenosylmethionine synthase OS=Arthrobotrys oligospora (strain ATCC 24927 / CBS 115.81 / DSM 1491) OX=756982 GN=AOL_s00006g181 PE=3 SV=1	Arthrobotrys oligospora (strain ATCC 24927 / CBS 115.81 / DSM 1491)	391	1521	75.1	86.5	0.0
504	TR	A0A177C9I8	S-adenosylmethionine synthase OS=Paraphaeosphaeria sporulosa OX=1460663 GN=CC84DRAFT_1188128 PE=3 SV=1	Paraphaeosphaeria sporulosa	391	1521	76.0	86.0	0.0
505	TR	A0A9Q8Q8J6	S-adenosylmethionine synthase OS=Purpureocillium takamizusanense OX=2060973 GN=SAM2 PE=3 SV=1	Purpureocillium takamizusanense	399	1521	76.1	86.4	0.0
506	TR	A0A1B2JEC7	S-adenosylmethionine synthase OS=Komagataella pastoris OX=4922 GN=SAM2 PE=3 SV=1	Komagataella pastoris	384	1521	75.9	86.2	0.0
507	TR	A0A1D9QI68	S-adenosylmethionine synthase OS=Sclerotinia sclerotiorum (strain ATCC 18683 / 1980 / Ss-1) OX=665079 GN=sscle_13g093880 PE=3 SV=1	Sclerotinia sclerotiorum (strain ATCC 18683 / 1980 / Ss-1)	392	1521	76.1	86.1	0.0
508	TR	A0A9P9FQQ7	S-adenosylmethionine synthase OS=Dactylonectria macrodidyma OX=307937 GN=EDB81DRAFT_876854 PE=3 SV=1	Dactylonectria macrodidyma	403	1520	76.1	86.8	0.0
509	TR	A0AA38LT18	S-adenosylmethionine synthase OS=Dioszegia hungarica OX=4972 GN=MKK02DRAFT_34797 PE=3 SV=1	Dioszegia hungarica	396	1520	76.6	87.7	0.0
510	TR	A0A6A5REB2	S-adenosylmethionine synthase OS=Didymella exigua CBS 183.55 OX=1150837 GN=M421DRAFT_69100 PE=3 SV=1	Didymella exigua CBS 183.55	395	1520	76.7	85.7	0.0
511	TR	A0A066XNI3	S-adenosylmethionine synthase OS=Colletotrichum sublineola OX=1173701 GN=CSUB01_07751 PE=3 SV=1	Colletotrichum sublineola	400	1520	76.1	85.8	0.0
512	TR	A0A4Z1P3X7	S-adenosylmethionine synthase OS=Venturia nashicola OX=86259 GN=E6O75_ATG10962 PE=3 SV=1	Venturia nashicola	390	1520	76.5	85.5	0.0
513	TR	A0A370U2J7	S-adenosylmethionine synthase OS=Venustampulla echinocandica OX=2656787 GN=BP5553_01912 PE=3 SV=1	Venustampulla echinocandica	397	1520	75.5	86.8	0.0
514	TR	A0A4Y8D1K9	S-adenosylmethionine synthase OS=Botryotinia calthae OX=38488 GN=BOTCAL_0173g00030 PE=3 SV=1	Botryotinia calthae	395	1520	76.1	86.1	0.0
515	TR	A0A0F4GYP4	S-adenosylmethionine synthase OS=Zymoseptoria brevis OX=1047168 GN=TI39_contig296g00012 PE=3 SV=1	Zymoseptoria brevis	397	1520	74.5	86.3	0.0
516	TR	A0AAD6ZWY4	S-adenosylmethionine synthase OS=Mycena albidolilacea OX=1033008 GN=DFH08DRAFT_872068 PE=3 SV=1	Mycena albidolilacea	392	1520	76.0	87.3	0.0
517	TR	A0A395GNJ9	S-adenosylmethionine synthase OS=Aspergillus ibericus CBS 121593 OX=1448316 GN=BO80DRAFT_428593 PE=3 SV=1	Aspergillus ibericus CBS 121593	387	1520	74.4	86.3	0.0
518	TR	A0A9P7KW78	S-adenosylmethionine synthase OS=Fusarium avenaceum OX=40199 GN=KAF25_006544 PE=3 SV=1	Fusarium avenaceum	403	1520	75.9	86.6	0.0
519	TR	S7QDX7	S-adenosylmethionine synthase OS=Gloeophyllum trabeum (strain ATCC 11539 / FP-39264 / Madison 617) OX=670483 GN=GLOTRDRAFT_56521 PE=3 SV=1	Gloeophyllum trabeum (strain ATCC 11539 / FP-39264 / Madison 617)	387	1520	75.4	87.0	0.0
520	TR	A0AAD9SJW3	S-adenosylmethionine synthase OS=Phomopsis amygdali OX=1214568 GN=N8I77_003924 PE=3 SV=1	Phomopsis amygdali	396	1520	76.4	86.9	0.0
521	TR	A0A9P5ZEX9	S-adenosylmethionine synthase OS=Pholiota conissans OX=109636 GN=BDN70DRAFT_872169 PE=3 SV=1	Pholiota conissans	393	1520	75.9	87.6	0.0
522	TR	A0A317XL13	S-adenosylmethionine synthase OS=Testicularia cyperi OX=1882483 GN=BCV70DRAFT_201202 PE=3 SV=1	Testicularia cyperi	391	1520	76.2	87.4	0.0
523	TR	A0A366QSN0	S-adenosylmethionine synthase OS=Fusarium coffeatum OX=231269 GN=FIESC28_10536 PE=3 SV=1	Fusarium coffeatum	402	1520	75.9	86.4	0.0
524	TR	A0A194XJX5	S-adenosylmethionine synthase OS=Mollisia scopiformis OX=149040 GN=LY89DRAFT_578999 PE=3 SV=1	Mollisia scopiformis	399	1520	75.3	85.8	0.0
525	TR	A0A4R0RUH9	S-adenosylmethionine synthase OS=Steccherinum ochraceum OX=92696 GN=SAM2 PE=3 SV=1	Steccherinum ochraceum	393	1519	75.7	87.8	0.0
526	TR	A0A1Y6LL68	S-adenosylmethionine synthase OS=Zymoseptoria tritici ST99CH_1A5 OX=1276529 GN=ZT1A5_G6644 PE=3 SV=1	Zymoseptoria tritici ST99CH_1A5	397	1519	74.2	86.3	0.0
527	TR	A0A370BSG3	S-adenosylmethionine synthase OS=Aspergillus niger ATCC 13496 OX=1353008 GN=M747DRAFT_297249 PE=3 SV=1	Aspergillus niger ATCC 13496	387	1519	74.4	86.8	0.0
528	TR	A0A9W9H9F6	S-adenosylmethionine synthase OS=Penicillium atrosanguineum OX=1132637 GN=N7476_005875 PE=3 SV=1	Penicillium atrosanguineum	390	1519	75.8	86.1	0.0
529	TR	A0A3F3QHV4	S-adenosylmethionine synthase OS=Aspergillus welwitschiae OX=1341132 GN=BDQ94DRAFT_134827 PE=3 SV=1	Aspergillus welwitschiae	387	1519	74.4	86.8	0.0
530	TR	A0A6G1KGM3	S-adenosylmethionine synthase OS=Pleomassaria siparia CBS 279.74 OX=1314801 GN=K504DRAFT_221936 PE=3 SV=1	Pleomassaria siparia CBS 279.74	394	1519	76.8	85.5	0.0
531	TR	A0A2H1GJC2	S-adenosylmethionine synthase OS=Zymoseptoria tritici ST99CH_1E4 OX=1276532 GN=ZT1E4_G6733 PE=3 SV=1	Zymoseptoria tritici ST99CH_1E4	397	1519	74.2	86.3	0.0
532	TR	A0A5J5F8V0	S-adenosylmethionine synthase OS=Sphaerosporella brunnea OX=1250544 GN=FN846DRAFT_930554 PE=3 SV=1	Sphaerosporella brunnea	387	1519	75.8	86.1	0.0
533	TR	F9XCX4	S-adenosylmethionine synthase OS=Zymoseptoria tritici (strain CBS 115943 / IPO323) OX=336722 GN=MYCGRDRAFT_59773 PE=3 SV=1	Zymoseptoria tritici (strain CBS 115943 / IPO323)	397	1519	74.2	86.3	0.0
534	TR	A0A395MXC3	S-adenosylmethionine synthase OS=Fusarium flagelliforme OX=2675880 GN=FIE12Z_3421 PE=3 SV=1	Fusarium flagelliforme	402	1519	75.9	86.4	0.0
535	TR	A0A369JPH0	S-adenosylmethionine synthase OS=Hypsizygus marmoreus OX=39966 GN=eth-1 PE=3 SV=1	Hypsizygus marmoreus	416	1519	75.7	86.5	0.0
536	TR	A0A4S4MTU8	S-adenosylmethionine synthase OS=Antrodiella citrinella OX=2447956 GN=EUX98_g5270 PE=3 SV=1	Antrodiella citrinella	393	1519	75.2	87.9	0.0
537	TR	A0A436ZZZ2	S-adenosylmethionine synthase OS=Arthrobotrys flagrans OX=97331 GN=DFL_006052 PE=3 SV=1	Arthrobotrys flagrans	391	1519	75.6	86.5	0.0
538	TR	G3YGG1	S-adenosylmethionine synthase OS=Aspergillus niger (strain ATCC 1015 / CBS 113.46 / FGSC A1144 / LSHB Ac4 / NCTC 3858a / NRRL 328 / USDA 3528.7) OX=380704 GN=ASPNIDRAFT_208283 PE=3 SV=1	Aspergillus niger (strain ATCC 1015 / CBS 113.46 / FGSC A1144 / LSHB Ac4 / NCTC 3858a / NRRL 328 / USDA 3528.7)	387	1519	74.4	86.8	0.0
539	TR	A0A9P7XI87	S-adenosylmethionine synthase OS=Tulasnella sp. JGI-2019a OX=2600232 GN=SAM2 PE=3 SV=1	Tulasnella sp. JGI-2019a	388	1519	76.0	87.6	0.0
540	TR	A0A364MTL8	S-adenosylmethionine synthase OS=Stemphylium lycopersici OX=183478 GN=DDE83_008341 PE=3 SV=1	Stemphylium lycopersici	408	1519	76.0	86.0	0.0
541	TR	A0AAN6N0H1	S-adenosylmethionine synthase OS=Diplogelasinospora grovesii OX=303347 GN=QBC46DRAFT_270382 PE=3 SV=1	Diplogelasinospora grovesii	402	1519	75.6	86.4	0.0
542	TR	A0A370Q113	S-adenosylmethionine synthase OS=Aspergillus phoenicis ATCC 13157 OX=1353007 GN=M752DRAFT_272315 PE=3 SV=1	Aspergillus phoenicis ATCC 13157	387	1519	74.4	86.8	0.0
543	TR	A0A3F3RYW7	S-adenosylmethionine synthase OS=Aspergillus niger OX=5061 GN=An08g02700 PE=3 SV=1	Aspergillus niger	387	1519	74.4	86.8	0.0
544	TR	A0A9W8UBZ2	S-adenosylmethionine synthase OS=Fusarium irregulare OX=2494466 GN=SAM2 PE=3 SV=1	Fusarium irregulare	402	1519	75.9	86.4	0.0
545	TR	A2QQJ1	S-adenosylmethionine synthase OS=Aspergillus niger (strain ATCC MYA-4892 / CBS 513.88 / FGSC A1513) OX=425011 GN=An08g02700 PE=3 SV=1	Aspergillus niger (strain ATCC MYA-4892 / CBS 513.88 / FGSC A1513)	387	1519	74.4	86.8	0.0
546	TR	A0A0D0EDD5	S-adenosylmethionine synthase OS=Paxillus rubicundulus Ve08.2h10 OX=930991 GN=PAXRUDRAFT_821135 PE=3 SV=1	Paxillus rubicundulus Ve08.2h10	392	1519	75.0	87.6	0.0
547	TR	A0A5C3PQX4	S-adenosylmethionine synthase OS=Polyporus arcularius HHB13444 OX=1314778 GN=K466DRAFT_480977 PE=3 SV=1	Polyporus arcularius HHB13444	396	1519	75.7	87.3	0.0
548	TR	A0A401KTC1	S-adenosylmethionine synthase OS=Aspergillus awamori OX=105351 GN=AAWM_05393 PE=3 SV=1	Aspergillus awamori	387	1519	74.4	86.8	0.0
549	TR	A0A9P6DJ91	S-adenosylmethionine synthase OS=Pleurotus eryngii OX=5323 GN=BDN71DRAFT_1141445 PE=3 SV=1	Pleurotus eryngii	384	1519	74.9	87.1	0.0
550	TR	A0A8H4IHW6	S-adenosylmethionine synthase OS=Botryosphaeria dothidea OX=55169 GN=GTA08_BOTSDO10905 PE=3 SV=1	Botryosphaeria dothidea	391	1519	75.5	86.3	0.0
551	TR	A0A9P4QEA3	S-adenosylmethionine synthase OS=Polychaeton citri CBS 116435 OX=1314669 GN=K431DRAFT_318409 PE=3 SV=1	Polychaeton citri CBS 116435	391	1519	75.7	86.5	0.0
552	TR	A0A8S0X9L8	S-adenosylmethionine synthase OS=Cyclocybe aegerita OX=1973307 GN=AAE3_LOCUS13977 PE=3 SV=1	Cyclocybe aegerita	394	1519	75.7	87.3	0.0
553	TR	A0A6G1LL06	S-adenosylmethionine synthase OS=Teratosphaeria nubilosa OX=161662 GN=EJ03DRAFT_102809 PE=3 SV=1	Teratosphaeria nubilosa	392	1518	76.3	85.8	0.0
554	TR	A0A9P6KP29	S-adenosylmethionine synthase OS=Paraphaeosphaeria minitans OX=565426 GN=PMIN01_08847 PE=3 SV=1	Paraphaeosphaeria minitans	396	1518	75.7	86.3	0.0
555	TR	A0A8H5B3B7	S-adenosylmethionine synthase OS=Tulosesus angulatus OX=980116 GN=D9611_004945 PE=3 SV=1	Tulosesus angulatus	963	1518	76.2	88.2	0.0
556	TR	A0A484FWC1	S-adenosylmethionine synthase OS=Colletotrichum orbiculare (strain 104-T / ATCC 96160 / CBS 514.97 / LARS 414 / MAFF 240422) OX=1213857 GN=eth-1 PE=3 SV=1	Colletotrichum orbiculare (strain 104-T / ATCC 96160 / CBS 514.97 / LARS 414 / MAFF 240422)	399	1518	75.3	86.9	0.0
557	TR	A0AB34KG67	S-adenosylmethionine synthase OS=Cladosporium halotolerans OX=1052096 GN=eth-1 PE=3 SV=1	Cladosporium halotolerans	391	1518	75.6	85.6	0.0
558	TR	A0A9W9SQZ5	S-adenosylmethionine synthase OS=Penicillium concentricum OX=293559 GN=N7517_000833 PE=3 SV=1	Penicillium concentricum	387	1518	75.3	85.8	0.0
559	TR	A0A178A9F8	S-adenosylmethionine synthase OS=Phaeosphaeriaceae sp. SRC1lsM3a OX=765868 GN=IQ06DRAFT_330364 PE=3 SV=1	Phaeosphaeriaceae sp. SRC1lsM3a	395	1518	77.0	85.4	0.0
560	TR	A0A151GS80	S-adenosylmethionine synthase OS=Drechmeria coniospora OX=98403 GN=DCS_01101 PE=3 SV=1	Drechmeria coniospora	396	1518	76.6	86.4	0.0
561	TR	A0A443HV78	S-adenosylmethionine synthase OS=Byssochlamys spectabilis OX=264951 GN=C8Q69DRAFT_466918 PE=3 SV=1	Byssochlamys spectabilis	388	1518	75.3	86.3	0.0
562	TR	A0A8H6YSS0	S-adenosylmethionine synthase OS=Mycena sanguinolenta OX=230812 GN=MSAN_01023900 PE=3 SV=1	Mycena sanguinolenta	392	1518	76.3	87.3	0.0
563	TR	S9PYT5	S-adenosylmethionine synthase OS=Schizosaccharomyces octosporus (strain yFS286) OX=483514 GN=SOCG_00893 PE=3 SV=1	Schizosaccharomyces octosporus (strain yFS286)	382	1518	74.1	87.7	0.0
564	TR	A0A9P9PRC2	S-adenosylmethionine synthase OS=Phaeosphaeria sp. MPI-PUGE-AT-0046c OX=2821754 GN=DE146DRAFT_634524 PE=3 SV=1	Phaeosphaeria sp. MPI-PUGE-AT-0046c	395	1518	76.7	85.4	0.0
565	TR	A0A4U7KV86	S-adenosylmethionine synthase OS=Sporisorium graminicola OX=280036 GN=EX895_002563 PE=3 SV=1	Sporisorium graminicola	389	1518	75.8	87.4	0.0
566	TR	A0A9P7FGH4	S-adenosylmethionine synthase OS=Suillus discolor OX=1912936 GN=F5147DRAFT_605361 PE=3 SV=1	Suillus discolor	392	1518	75.7	87.3	0.0
567	TR	J3NSC2	S-adenosylmethionine synthase OS=Gaeumannomyces tritici (strain R3-111a-1) OX=644352 GN=20344626 PE=3 SV=1	Gaeumannomyces tritici (strain R3-111a-1)	405	1518	74.5	87.1	0.0
568	TR	A0A1A6AE91	S-adenosylmethionine synthase OS=Kwoniella dejecticola CBS 10117 OX=1296121 GN=I303_00195 PE=3 SV=1	Kwoniella dejecticola CBS 10117	396	1518	76.9	86.6	0.0
569	TR	C4R5U7	S-adenosylmethionine synthase OS=Komagataella phaffii (strain GS115 / ATCC 20864) OX=644223 GN=PAS_chr3_0876 PE=3 SV=1	Komagataella phaffii (strain GS115 / ATCC 20864)	384	1518	75.9	86.2	0.0
570	TR	A0A1B7NAV4	S-adenosylmethionine synthase OS=Rhizopogon vinicolor AM-OR11-026 OX=1314800 GN=K503DRAFT_767174 PE=3 SV=1	Rhizopogon vinicolor AM-OR11-026	392	1518	75.2	87.6	0.0
571	TR	F2QV42	S-adenosylmethionine synthase OS=Komagataella phaffii (strain ATCC 76273 / CBS 7435 / CECT 11047 / NRRL Y-11430 / Wegner 21-1) OX=981350 GN=SAM2 PE=3 SV=1	Komagataella phaffii (strain ATCC 76273 / CBS 7435 / CECT 11047 / NRRL Y-11430 / Wegner 21-1)	423	1518	75.9	86.2	0.0
572	TR	A0A6A6EZ06	S-adenosylmethionine synthase OS=Zopfia rhizophila CBS 207.26 OX=1314779 GN=K469DRAFT_698957 PE=3 SV=1	Zopfia rhizophila CBS 207.26	394	1518	76.3	85.5	0.0
573	TR	A0A371D2Y2	S-adenosylmethionine synthase OS=Lentinus brumalis OX=2498619 GN=OH76DRAFT_1406471 PE=3 SV=1	Lentinus brumalis	396	1518	75.7	87.3	0.0
574	TR	A0A9P4PKK7	S-adenosylmethionine synthase OS=Karstenula rhodostoma CBS 690.94 OX=1392251 GN=P171DRAFT_431054 PE=3 SV=1	Karstenula rhodostoma CBS 690.94	396	1518	75.7	86.5	0.0
575	TR	A0A8H3T0F3	S-adenosylmethionine synthase OS=Aspergillus tubingensis OX=5068 GN=AtubIFM56815_000819 PE=3 SV=1	Aspergillus tubingensis	387	1517	74.4	86.8	0.0
576	TR	B6H8Q7	S-adenosylmethionine synthase OS=Penicillium rubens (strain ATCC 28089 / DSM 1075 / NRRL 1951 / Wisconsin 54-1255) OX=500485 GN=Pc16g04380 PE=3 SV=1	Penicillium rubens (strain ATCC 28089 / DSM 1075 / NRRL 1951 / Wisconsin 54-1255)	387	1517	75.3	85.8	0.0
577	TR	A0A4Q4RSZ3	S-adenosylmethionine synthase OS=Alternaria arborescens OX=156630 GN=AA0113_g7012 PE=3 SV=1	Alternaria arborescens	389	1517	76.7	85.4	0.0
578	TR	A0AAD6VTJ2	S-adenosylmethionine synthase OS=Mycena pura OX=153505 GN=GGX14DRAFT_436561 PE=3 SV=1	Mycena pura	392	1517	75.8	88.2	0.0
579	TR	A0A319B8A0	S-adenosylmethionine synthase OS=Aspergillus vadensis (strain CBS 113365 / IMI 142717 / IBT 24658) OX=1448311 GN=BO88DRAFT_405572 PE=3 SV=1	Aspergillus vadensis (strain CBS 113365 / IMI 142717 / IBT 24658)	387	1517	74.4	86.8	0.0
580	TR	A0A8H3DYS4	S-adenosylmethionine synthase OS=Rhizoctonia solani OX=456999 GN=RDB_LOCUS47978 PE=3 SV=1	Rhizoctonia solani	1390	1517	74.5	87.6	0.0
581	TR	A0A4Z1KIK8	S-adenosylmethionine synthase OS=Botrytis porri OX=87229 GN=BPOR_0405g00060 PE=3 SV=1	Botrytis porri	395	1517	76.1	85.8	0.0
582	TR	A0A6A5SH69	S-adenosylmethionine synthase OS=Clathrospora elynae OX=706981 GN=EJ02DRAFT_458375 PE=3 SV=1	Clathrospora elynae	395	1517	77.2	85.4	0.0
583	TR	A0A117DZV1	S-adenosylmethionine synthase OS=Aspergillus niger OX=5061 GN=ABL_04247 PE=3 SV=1	Aspergillus niger	387	1517	74.4	86.8	0.0
584	TR	A0AAN6LYR9	S-adenosylmethionine synthase OS=Pseudopithomyces chartarum OX=1892770 GN=GRF29_96g1550033 PE=3 SV=1	Pseudopithomyces chartarum	396	1517	75.7	86.0	0.0
585	TR	V5GCQ4	S-adenosylmethionine synthase OS=Byssochlamys spectabilis (strain No. 5 / NBRC 109023) OX=1356009 GN=PVAR5_7392 PE=3 SV=1	Byssochlamys spectabilis (strain No. 5 / NBRC 109023)	388	1517	75.3	86.1	0.0
586	TR	A0A317W865	S-adenosylmethionine synthase OS=Aspergillus eucalypticola (strain CBS 122712 / IBT 29274) OX=1448314 GN=BO83DRAFT_375680 PE=3 SV=1	Aspergillus eucalypticola (strain CBS 122712 / IBT 29274)	387	1517	74.4	86.8	0.0
587	TR	A0A6P8AU74	S-adenosylmethionine synthase OS=Pyricularia grisea OX=148305 GN=PgNI_08958 PE=3 SV=1	Pyricularia grisea	394	1517	74.5	87.1	0.0
588	TR	A0A1E1JY01	S-adenosylmethionine synthase OS=Rhynchosporium graminicola OX=2792576 GN=RCO7_06765 PE=3 SV=1	Rhynchosporium graminicola	392	1517	76.5	86.5	0.0
589	TR	A0A8G1RCZ4	S-adenosylmethionine synthase OS=Aspergillus piperis CBS 112811 OX=1448313 GN=BO85DRAFT_446161 PE=3 SV=1	Aspergillus piperis CBS 112811	387	1517	74.4	86.8	0.0
590	TR	A0AA40D3F4	S-adenosylmethionine synthase OS=Lasiodiplodia hormozganensis OX=869390 GN=METK PE=3 SV=1	Lasiodiplodia hormozganensis	391	1517	75.5	86.1	0.0
591	TR	A0A4Q4NJV2	S-adenosylmethionine synthase OS=Alternaria alternata OX=5599 GN=AA0117_g5171 PE=3 SV=1	Alternaria alternata	389	1517	76.7	85.4	0.0
592	TR	A0A4Q4SDC0	S-adenosylmethionine synthase OS=Alternaria tenuissima OX=119927 GN=AA0114_g6688 PE=3 SV=1	Alternaria tenuissima	389	1517	76.7	85.4	0.0
593	TR	A0A146FX29	S-adenosylmethionine synthase OS=Aspergillus kawachii OX=1069201 GN=SAM2 PE=3 SV=1	Aspergillus kawachii	387	1517	74.4	86.8	0.0
594	TR	A0A1L9NN90	S-adenosylmethionine synthase OS=Aspergillus tubingensis (strain CBS 134.48) OX=767770 GN=ASPTUDRAFT_37541 PE=3 SV=1	Aspergillus tubingensis (strain CBS 134.48)	387	1517	74.4	86.8	0.0
595	TR	A0AAD4IG94	S-adenosylmethionine synthase OS=Alternaria panax OX=48097 GN=G6011_03866 PE=3 SV=1	Alternaria panax	389	1517	76.7	85.7	0.0
596	TR	A0A5N5CV78	S-adenosylmethionine synthase OS=Lasiodiplodia theobromae OX=45133 GN=METK PE=3 SV=1	Lasiodiplodia theobromae	391	1517	75.5	86.1	0.0
597	TR	A0A1M3TN09	S-adenosylmethionine synthase OS=Aspergillus luchuensis (strain CBS 106.47) OX=1137211 GN=ASPFODRAFT_43785 PE=3 SV=1	Aspergillus luchuensis (strain CBS 106.47)	387	1517	74.4	86.8	0.0
598	TR	A0A4S4LWG6	S-adenosylmethionine synthase OS=Bondarzewia mesenterica OX=1095465 GN=EW146_g4157 PE=3 SV=1	Bondarzewia mesenterica	392	1517	76.2	86.8	0.0
599	TR	A0A1E1LEN9	S-adenosylmethionine synthase OS=Rhynchosporium agropyri OX=914238 GN=RAG0_13904 PE=3 SV=1	Rhynchosporium agropyri	392	1517	76.5	86.5	0.0
600	TR	A0A1E1MGD0	S-adenosylmethionine synthase OS=Rhynchosporium secalis OX=38038 GN=RSE6_08802 PE=3 SV=1	Rhynchosporium secalis	392	1517	76.5	86.5	0.0
601	TR	A0A8S9C0U8	S-adenosylmethionine synthase OS=Mollisiaceae sp. DMI_Dod_QoI OX=2728926 GN=ETH1 PE=3 SV=1	Mollisiaceae sp. DMI_Dod_QoI	396	1517	76.5	86.0	0.0
602	TR	A0A8J2I1Y5	S-adenosylmethionine synthase OS=Alternaria atra OX=119953 GN=ALTATR162_LOCUS5317 PE=3 SV=1	Alternaria atra	389	1517	76.5	86.0	0.0
603	TR	A0A318Z549	S-adenosylmethionine synthase OS=Aspergillus neoniger (strain CBS 115656) OX=1448310 GN=BO87DRAFT_372066 PE=3 SV=1	Aspergillus neoniger (strain CBS 115656)	387	1517	74.4	86.8	0.0
604	TR	A0A1R3S2N6	S-adenosylmethionine synthase OS=Aspergillus carbonarius (strain ITEM 5010) OX=602072 GN=ASPCADRAFT_202887 PE=3 SV=1	Aspergillus carbonarius (strain ITEM 5010)	387	1517	74.1	86.0	0.0
605	TR	A0A162BDT0	S-adenosylmethionine synthase OS=Penicillium chrysogenum OX=5076 GN=EN45_109470 PE=3 SV=1	Penicillium chrysogenum	387	1517	75.3	85.8	0.0
606	TR	A0A9W9S1U0	S-adenosylmethionine synthase OS=Penicillium cataractarum OX=2100454 GN=N7496_006595 PE=3 SV=1	Penicillium cataractarum	390	1517	75.5	85.8	0.0
607	TR	A0A4P7NLL7	S-adenosylmethionine synthase OS=Pyricularia oryzae OX=318829 GN=PoMZ_11829 PE=3 SV=1	Pyricularia oryzae	394	1516	74.8	86.9	0.0
608	TR	A0A2C5YER5	S-adenosylmethionine synthase OS=Ophiocordyceps australis OX=1399860 GN=CDD81_2986 PE=3 SV=1	Ophiocordyceps australis	401	1516	76.4	85.8	0.0
609	TR	A0AAV9VQZ5	S-adenosylmethionine synthase OS=Arthrobotrys musiformis OX=47236 GN=SAM2 PE=3 SV=1	Arthrobotrys musiformis	391	1516	75.4	86.2	0.0
610	TR	K2S692	S-adenosylmethionine synthase OS=Macrophomina phaseolina (strain MS6) OX=1126212 GN=MPH_00167 PE=3 SV=1	Macrophomina phaseolina (strain MS6)	391	1516	75.5	86.3	0.0
611	TR	A0A3D8T812	S-adenosylmethionine synthase OS=Coleophoma crateriformis OX=565419 GN=BP5796_00334 PE=3 SV=1	Coleophoma crateriformis	394	1516	75.0	85.8	0.0
612	TR	A0A4Z1EMC6	S-adenosylmethionine synthase OS=Botrytis paeoniae OX=278948 GN=BPAE_0874g00010 PE=3 SV=1	Botrytis paeoniae	395	1516	75.8	85.8	0.0
613	TR	A0A6A5VXT4	S-adenosylmethionine synthase OS=Bimuria novae-zelandiae CBS 107.79 OX=1447943 GN=BU23DRAFT_548904 PE=3 SV=1	Bimuria novae-zelandiae CBS 107.79	396	1516	76.0	86.0	0.0
614	TR	A0A517LQZ9	S-adenosylmethionine synthase OS=Venturia effusa OX=50376 GN=FKW77_003095 PE=3 SV=1	Venturia effusa	390	1516	76.5	85.7	0.0
615	TR	A0A166JUI1	S-adenosylmethionine synthase OS=Athelia psychrophila OX=1759441 GN=FIBSPDRAFT_931847 PE=3 SV=1	Athelia psychrophila	390	1516	75.5	86.5	0.0
616	TR	W7I8H8	S-adenosylmethionine synthase OS=Drechslerella stenobrocha 248 OX=1043628 GN=DRE_02146 PE=3 SV=1	Drechslerella stenobrocha 248	391	1516	75.9	86.7	0.0
617	TR	A0AA97PIB1	S-adenosylmethionine synthase OS=Pyricularia oryzae (strain Y34) OX=1143189 GN=OOU_Y34scaffold00704g10 PE=3 SV=1	Pyricularia oryzae (strain Y34)	394	1516	74.8	86.9	0.0
618	TR	G4NCL5	S-adenosylmethionine synthase OS=Pyricularia oryzae (strain 70-15 / ATCC MYA-4617 / FGSC 8958) OX=242507 GN=MGG_00383 PE=3 SV=1	Pyricularia oryzae (strain 70-15 / ATCC MYA-4617 / FGSC 8958)	394	1516	74.8	86.9	0.0
619	TR	A0A2N8UJG9	S-adenosylmethionine synthase OS=Sporisorium reilianum f. sp. reilianum OX=72559 GN=SRS1_15901 PE=3 SV=1	Sporisorium reilianum f. sp. reilianum	389	1516	75.5	87.6	0.0
620	TR	L7JKT1	S-adenosylmethionine synthase OS=Pyricularia oryzae (strain P131) OX=1143193 GN=OOW_P131scaffold00220g1 PE=3 SV=1	Pyricularia oryzae (strain P131)	394	1516	74.8	86.9	0.0
621	TR	A0A8J2NAN5	S-adenosylmethionine synthase OS=Fusarium equiseti OX=61235 GN=FEQUK3_LOCUS3036 PE=3 SV=1	Fusarium equiseti	402	1516	75.6	86.4	0.0
622	TR	A0A0F4ZH12	S-adenosylmethionine synthase OS=Thielaviopsis punctulata OX=72032 GN=TD95_004064 PE=3 SV=1	Thielaviopsis punctulata	386	1516	76.1	86.4	0.0
623	TR	E6ZQC9	S-adenosylmethionine synthase OS=Sporisorium reilianum (strain SRZ2) OX=999809 GN=sr15901 PE=3 SV=1	Sporisorium reilianum (strain SRZ2)	389	1516	75.5	87.6	0.0
624	TR	A0AAV9P7E8	S-adenosylmethionine synthase OS=Saxophila tyrrhenica OX=1690608 GN=SAM2 PE=3 SV=1	Saxophila tyrrhenica	392	1516	76.1	85.5	0.0
625	TR	A0A8H3UWE9	S-adenosylmethionine synthase OS=Venturia inaequalis OX=5025 GN=EG328_001799 PE=3 SV=1	Venturia inaequalis	390	1515	76.5	85.2	0.0
626	TR	A0A2G5HU86	S-adenosylmethionine synthase OS=Cercospora beticola OX=122368 GN=CB0940_10678 PE=3 SV=1	Cercospora beticola	393	1515	74.5	86.3	0.0
627	TR	A0A1Q8R9Q8	S-adenosylmethionine synthase OS=Colletotrichum chlorophyti OX=708187 GN=CCHL11_09705 PE=3 SV=1	Colletotrichum chlorophyti	401	1515	75.9	85.8	0.0
628	TR	A0A8K0XHW9	S-adenosylmethionine synthase OS=Phlebopus sp. FC_14 OX=2615122 GN=F5I97DRAFT_1845365 PE=3 SV=1	Phlebopus sp. FC_14	392	1515	75.0	87.6	0.0
629	TR	S9X099	S-adenosylmethionine synthase OS=Schizosaccharomyces cryophilus (strain OY26 / ATCC MYA-4695 / CBS 11777 / NBRC 106824 / NRRL Y48691) OX=653667 GN=SPOG_01135 PE=3 SV=1	Schizosaccharomyces cryophilus (strain OY26 / ATCC MYA-4695 / CBS 11777 / NBRC 106824 / NRRL Y48691)	382	1515	74.3	86.9	0.0
630	TR	A0A319ES38	S-adenosylmethionine synthase OS=Aspergillus sclerotiicarbonarius (strain CBS 121057 / IBT 28362) OX=1448318 GN=BO78DRAFT_356761 PE=3 SV=1	Aspergillus sclerotiicarbonarius (strain CBS 121057 / IBT 28362)	387	1515	73.9	86.0	0.0
631	TR	A0AAD8QBC7	S-adenosylmethionine synthase OS=Colletotrichum navitas OX=681940 GN=LY79DRAFT_320191 PE=3 SV=1	Colletotrichum navitas	400	1515	75.6	85.8	0.0
632	TR	A0A4Q9N614	S-adenosylmethionine synthase OS=Dichomitus squalens OX=114155 GN=BD310DRAFT_803499 PE=3 SV=1	Dichomitus squalens	392	1515	75.7	86.8	0.0
633	TR	A0A1F5LTM2	S-adenosylmethionine synthase OS=Penicillium arizonense OX=1835702 GN=PENARI_c003G01224 PE=3 SV=1	Penicillium arizonense	390	1515	75.8	86.1	0.0
634	TR	R1GES4	S-adenosylmethionine synthase OS=Botryosphaeria parva (strain UCR-NP2) OX=1287680 GN=UCRNP2_6493 PE=3 SV=1	Botryosphaeria parva (strain UCR-NP2)	391	1515	75.5	86.1	0.0
635	TR	A0A8H8U715	S-adenosylmethionine synthase OS=Lachnellula subtilissima OX=602034 GN=eth-1 PE=3 SV=1	Lachnellula subtilissima	398	1515	75.0	86.6	0.0
636	TR	A0A0S6XDA3	S-adenosylmethionine synthase OS=Dothideomycetidae sp. (strain 11243) OX=1603295 GN=ANO11243_015000 PE=3 SV=1	Dothideomycetidae sp. (strain 11243)	390	1515	76.0	85.5	0.0
637	TR	A0A317WG07	S-adenosylmethionine synthase OS=Aspergillus sclerotioniger CBS 115572 OX=1450535 GN=BO94DRAFT_495292 PE=3 SV=1	Aspergillus sclerotioniger CBS 115572	387	1515	73.9	86.0	0.0
638	TR	A0A9W9WH19	S-adenosylmethionine synthase OS=Penicillium desertorum OX=1303715 GN=N7530_011351 PE=3 SV=1	Penicillium desertorum	387	1515	75.1	85.6	0.0
639	TR	A0A5N5QV74	S-adenosylmethionine synthase OS=Ceratobasidium theobromae OX=1582974 GN=CTheo_903 PE=3 SV=1	Ceratobasidium theobromae	395	1515	74.7	87.6	0.0
640	TR	A0A9P6LK86	S-adenosylmethionine synthase OS=Colletotrichum karsti OX=1095194 GN=CkaCkLH20_05886 PE=3 SV=1	Colletotrichum karsti	400	1514	75.9	85.8	0.0
641	TR	A0A2T6ZRG5	S-adenosylmethionine synthase OS=Tuber borchii OX=42251 GN=B9Z19DRAFT_1084758 PE=3 SV=1	Tuber borchii	382	1514	74.9	85.9	0.0
642	TR	A0A9P7UJG3	S-adenosylmethionine synthase OS=Colletotrichum scovillei OX=1209932 GN=JMJ77_006256 PE=3 SV=1	Colletotrichum scovillei	401	1514	75.9	85.6	0.0
643	TR	A0AAI9U1J3	S-adenosylmethionine synthase OS=Colletotrichum melonis OX=1209925 GN=CMEL01_07199 PE=3 SV=1	Colletotrichum melonis	401	1514	75.9	85.6	0.0
644	TR	A0AAW0YTE6	S-adenosylmethionine synthase OS=Kwoniella newhampshirensis OX=1651941 GN=IAR55_006541 PE=3 SV=1	Kwoniella newhampshirensis	396	1514	76.1	86.9	0.0
645	TR	A0A8H2W5N8	S-adenosylmethionine synthase OS=Rhizoctonia solani OX=456999 GN=RDB_LOCUS2443 PE=3 SV=1	Rhizoctonia solani	392	1514	74.7	87.6	0.0
646	TR	A0AAJ0DSW3	S-adenosylmethionine synthase OS=Colletotrichum costaricense OX=1209916 GN=CCOS01_15856 PE=3 SV=1	Colletotrichum costaricense	401	1514	75.9	85.6	0.0
647	TR	A0A010QI30	S-adenosylmethionine synthase OS=Colletotrichum fioriniae PJ7 OX=1445577 GN=CFIO01_12056 PE=3 SV=1	Colletotrichum fioriniae PJ7	401	1514	75.9	85.6	0.0
648	TR	A0A135USD3	S-adenosylmethionine synthase OS=Colletotrichum nymphaeae SA-01 OX=1460502 GN=CNYM01_05703 PE=3 SV=1	Colletotrichum nymphaeae SA-01	401	1514	75.9	85.6	0.0
649	TR	A0A135V5H7	S-adenosylmethionine synthase OS=Colletotrichum salicis OX=1209931 GN=CSAL01_05258 PE=3 SV=1	Colletotrichum salicis	401	1514	75.9	85.6	0.0
650	TR	A0A7C8IF79	S-adenosylmethionine synthase OS=Massariosphaeria phaeospora OX=100035 GN=BDV95DRAFT_533335 PE=3 SV=1	Massariosphaeria phaeospora	398	1514	75.7	86.0	0.0
651	TR	A0A135RYF7	S-adenosylmethionine synthase OS=Colletotrichum simmondsii OX=703756 GN=CSIM01_08331 PE=3 SV=1	Colletotrichum simmondsii	401	1514	75.9	85.6	0.0
652	TR	A0AAJ0EY74	S-adenosylmethionine synthase OS=Colletotrichum godetiae OX=1209918 GN=BDP55DRAFT_629966 PE=3 SV=1	Colletotrichum godetiae	401	1514	75.9	85.6	0.0
653	TR	G2Q391	S-adenosylmethionine synthase OS=Thermothelomyces thermophilus (strain ATCC 42464 / BCRC 31852 / DSM 1799) OX=573729 GN=MYCTH_2313783 PE=3 SV=1	Thermothelomyces thermophilus (strain ATCC 42464 / BCRC 31852 / DSM 1799)	400	1514	76.4	86.1	0.0
654	TR	A0A8H3C8A6	S-adenosylmethionine synthase OS=Rhizoctonia solani OX=456999 GN=RDB_LOCUS90970 PE=3 SV=1	Rhizoctonia solani	393	1514	74.5	88.2	0.0
655	TR	A0A0C9VE03	S-adenosylmethionine synthase OS=Sphaerobolus stellatus (strain SS14) OX=990650 GN=M422DRAFT_31889 PE=3 SV=1	Sphaerobolus stellatus (strain SS14)	394	1514	74.9	87.3	0.0
656	TR	A0A1X7VTR8	S-adenosylmethionine synthase OS=Amphimedon queenslandica OX=400682 GN=100638371 PE=3 SV=1	Amphimedon queenslandica	439	1514	73.5	87.8	0.0
657	TR	A0A0D2BQH7	S-adenosylmethionine synthase OS=Exophiala spinifera OX=91928 GN=PV08_01813 PE=3 SV=1	Exophiala spinifera	391	1514	76.0	85.0	0.0
658	TR	A0A8E2JPS2	S-adenosylmethionine synthase OS=Glonium stellatum OX=574774 GN=AOQ84DRAFT_356151 PE=3 SV=1	Glonium stellatum	394	1514	76.4	86.2	0.0
659	TR	A0AAE8MIZ0	S-adenosylmethionine synthase OS=Fusarium torulosum OX=33205 GN=FTOL_10669 PE=3 SV=1	Fusarium torulosum	403	1514	75.3	86.6	0.0
660	TR	A0AAD6HYY7	S-adenosylmethionine synthase OS=Penicillium canescens OX=5083 GN=N7460_013472 PE=3 SV=1	Penicillium canescens	390	1514	75.5	86.1	0.0
661	TR	A0A0B7F2A8	S-adenosylmethionine synthase OS=Thanatephorus cucumeris (strain AG1-IB / isolate 7/3/14) OX=1108050 GN=SAM2 PE=3 SV=1	Thanatephorus cucumeris (strain AG1-IB / isolate 7/3/14)	392	1514	74.7	87.6	0.0
662	TR	A0AAI9ZUC3	S-adenosylmethionine synthase OS=Colletotrichum phormii OX=359342 GN=BDP81DRAFT_448411 PE=3 SV=1	Colletotrichum phormii	401	1514	76.1	85.3	0.0
663	TR	A0A8H8MSQ7	S-adenosylmethionine synthase OS=Ceratobasidium sp. AG-Ba OX=170446 GN=RhiJN_27943 PE=3 SV=1	Ceratobasidium sp. AG-Ba	395	1514	75.0	86.3	0.0
664	TR	A0A9P9X9S0	S-adenosylmethionine synthase OS=Colletotrichum abscissum OX=1671311 GN=CABS02_09773 PE=3 SV=1	Colletotrichum abscissum	401	1514	75.9	85.6	0.0
665	TR	E3QDA0	S-adenosylmethionine synthase OS=Colletotrichum graminicola (strain M1.001 / M2 / FGSC 10212) OX=645133 GN=GLRG_04016 PE=3 SV=1	Colletotrichum graminicola (strain M1.001 / M2 / FGSC 10212)	400	1514	75.3	85.8	0.0
666	TR	A0A165S0K8	S-adenosylmethionine synthase OS=Daedalea quercina L-15889 OX=1314783 GN=DAEQUDRAFT_724359 PE=3 SV=1	Daedalea quercina L-15889	393	1513	75.7	86.8	0.0
667	TR	A0AAF0AYF5	S-adenosylmethionine synthase OS=Schizosaccharomyces osmophilus OX=2545709 GN=sam1 PE=3 SV=1	Schizosaccharomyces osmophilus	382	1513	74.1	87.7	0.0
668	TR	A0A317SG47	S-adenosylmethionine synthase OS=Tuber magnatum OX=42249 GN=C7212DRAFT_332263 PE=3 SV=1	Tuber magnatum	382	1513	74.7	86.1	0.0
669	TR	A0AAI8YQP5	S-adenosylmethionine synthase OS=Anthostomella pinea OX=933095 GN=KHLLAP_LOCUS14301 PE=3 SV=1	Anthostomella pinea	399	1513	74.9	86.1	0.0
670	TR	A0AAN7BW46	S-adenosylmethionine synthase OS=Podospora fimiseda OX=252190 GN=QBC38DRAFT_440790 PE=3 SV=1	Podospora fimiseda	406	1513	75.3	86.1	0.0
671	TR	A0A9W9XJU6	S-adenosylmethionine synthase OS=Penicillium fimorum OX=1882269 GN=N7463_010398 PE=3 SV=1	Penicillium fimorum	387	1513	75.1	85.6	0.0
672	TR	A0A9P6ENM7	S-adenosylmethionine synthase OS=Crepidotus variabilis OX=179855 GN=CPB83DRAFT_847368 PE=3 SV=1	Crepidotus variabilis	393	1513	74.9	87.1	0.0
673	TR	A0A9W8SGH6	S-adenosylmethionine synthase OS=Fusarium torreyae OX=1237075 GN=SAM2 PE=3 SV=1	Fusarium torreyae	403	1513	75.6	85.8	0.0
674	TR	A0A0C4DLC2	S-adenosylmethionine synthase OS=Magnaporthiopsis poae (strain ATCC 64411 / 73-15) OX=644358 GN=MAPG_00563 PE=3 SV=1	Magnaporthiopsis poae (strain ATCC 64411 / 73-15)	405	1513	74.8	86.6	0.0
675	TR	A0AA43QR55	S-adenosylmethionine synthase OS=Ramalina farinacea OX=258253 GN=SAM2 PE=3 SV=1	Ramalina farinacea	426	1513	75.7	85.5	0.0
676	TR	A0A3N4IZQ7	S-adenosylmethionine synthase OS=Choiromyces venosus 120613-1 OX=1336337 GN=L873DRAFT_1819543 PE=3 SV=1	Choiromyces venosus 120613-1	382	1513	74.3	86.1	0.0
677	TR	A0A8H7FYD6	S-adenosylmethionine synthase OS=Athelia sp. TMB OX=2748771 GN=HWV62_8403 PE=3 SV=1	Athelia sp. TMB	391	1513	75.7	86.0	0.0
678	TR	A0AAN6X1C2	S-adenosylmethionine synthase OS=Podospora australis OX=1536484 GN=QBC35DRAFT_379619 PE=3 SV=1	Podospora australis	408	1513	75.6	86.4	0.0
679	TR	A0A0D1BZM0	S-adenosylmethionine synthase OS=Mycosarcoma maydis OX=5270 GN=UMAG_05019 PE=3 SV=1	Mycosarcoma maydis	389	1513	75.5	87.1	0.0
680	TR	V5GT98	S-adenosylmethionine synthase OS=Kalmanozyma brasiliensis (strain GHG001) OX=1365824 GN=PSEUBRA_SCAF12g01714 PE=3 SV=1	Kalmanozyma brasiliensis (strain GHG001)	393	1513	75.3	87.6	0.0
681	TR	A0A9P5JLP3	S-adenosylmethionine synthase OS=Clavulina sp. PMI_390 OX=1486700 GN=DL93DRAFT_185328 PE=3 SV=1	Clavulina sp. PMI_390	393	1512	76.2	86.5	0.0
682	TR	A0AAX4KJM2	S-adenosylmethionine synthase OS=Kwoniella europaea PYCC6329 OX=1423913 GN=V865_004357 PE=3 SV=1	Kwoniella europaea PYCC6329	396	1512	76.4	86.6	0.0
683	TR	A0A8H3AVI7	S-adenosylmethionine synthase OS=Rhizoctonia solani OX=456999 GN=RDB_LOCUS95789 PE=3 SV=1	Rhizoctonia solani	392	1512	74.5	87.6	0.0
684	TR	A0A1V6QL66	S-adenosylmethionine synthase OS=Penicillium antarcticum OX=416450 GN=PENANT_c002G07802 PE=3 SV=1	Penicillium antarcticum	390	1512	75.5	86.1	0.0
685	TR	A0A164P5F4	S-adenosylmethionine synthase OS=Sistotremastrum niveocremeum HHB9708 OX=1314777 GN=SISNIDRAFT_459844 PE=3 SV=1	Sistotremastrum niveocremeum HHB9708	396	1512	74.7	87.1	0.0
686	TR	A0A8H6NZC5	S-adenosylmethionine synthase OS=Colletotrichum musicola OX=2175873 GN=CMUS01_00233 PE=3 SV=1	Colletotrichum musicola	396	1512	75.6	85.8	0.0
687	TR	A0AAN6YHP0	S-adenosylmethionine synthase OS=Rhypophila decipiens OX=261697 GN=QBC37DRAFT_395366 PE=3 SV=1	Rhypophila decipiens	404	1512	75.3	86.9	0.0
688	TR	A0A0B1P732	S-adenosylmethionine synthase OS=Uncinula necator OX=52586 GN=EV44_g4603 PE=3 SV=1	Uncinula necator	386	1512	75.1	85.8	0.0
689	TR	A0AAV5AI79	S-adenosylmethionine synthase OS=Clathrus columnatus OX=1419009 GN=SAM1 PE=3 SV=1	Clathrus columnatus	394	1512	75.7	86.3	0.0
690	TR	A0A1V6Z5B4	S-adenosylmethionine synthase OS=Penicillium nalgiovense OX=60175 GN=PENNAL_c0003G08600 PE=3 SV=1	Penicillium nalgiovense	387	1512	75.1	85.6	0.0
691	TR	A0A8H8JB74	S-adenosylmethionine synthase OS=Ceratobasidium sp. AG-Ba OX=170446 GN=RhiJN_13884 PE=3 SV=1	Ceratobasidium sp. AG-Ba	395	1512	75.0	86.3	0.0
692	TR	A0A1B9G831	S-adenosylmethionine synthase OS=Kwoniella bestiolae CBS 10118 OX=1296100 GN=I302_02032 PE=3 SV=1	Kwoniella bestiolae CBS 10118	396	1512	76.4	86.6	0.0
693	TR	A0A3N2PM34	S-adenosylmethionine synthase OS=Sodiomyces alkalinus (strain CBS 110278 / VKM F-3762 / F11) OX=1314773 GN=SODALDRAFT_328955 PE=3 SV=1	Sodiomyces alkalinus (strain CBS 110278 / VKM F-3762 / F11)	396	1512	75.6	86.6	0.0
694	TR	S8ACL2	S-adenosylmethionine synthase OS=Dactylellina haptotyla (strain CBS 200.50) OX=1284197 GN=H072_5386 PE=3 SV=1	Dactylellina haptotyla (strain CBS 200.50)	389	1512	75.4	86.8	0.0
695	TR	M5E7P2	S-adenosylmethionine synthase OS=Malassezia sympodialis (strain ATCC 42132) OX=1230383 GN=SAM1 PE=3 SV=1	Malassezia sympodialis (strain ATCC 42132)	387	1512	75.3	87.6	0.0
696	TR	A0AAJ0FDG6	S-adenosylmethionine synthase OS=Phialemonium atrogriseum OX=1093897 GN=QBC33DRAFT_457120 PE=3 SV=1	Phialemonium atrogriseum	397	1512	75.9	86.1	0.0
697	TR	A0A4Q1BPE2	S-adenosylmethionine synthase OS=Tremella mesenterica OX=5217 GN=M231_03144 PE=3 SV=1	Tremella mesenterica	400	1512	75.6	86.1	0.0
698	TR	A0A8H6U380	S-adenosylmethionine synthase OS=Colletotrichum plurivorum OX=2175906 GN=CPLU01_01473 PE=3 SV=1	Colletotrichum plurivorum	396	1512	75.6	85.8	0.0
699	TR	A0AAN8N7U3	S-adenosylmethionine synthase OS=Arthrobotrys conoides OX=74498 GN=SAM2 PE=3 SV=1	Arthrobotrys conoides	391	1512	74.9	86.2	0.0
700	TR	A0A8H6MWG3	S-adenosylmethionine synthase OS=Colletotrichum sojae OX=2175907 GN=CSOJ01_06165 PE=3 SV=1	Colletotrichum sojae	396	1512	75.6	85.8	0.0
701	TR	A0A0A2KNZ8	S-adenosylmethionine synthase OS=Penicillium italicum OX=40296 GN=PITC_056040 PE=3 SV=1	Penicillium italicum	387	1512	74.5	85.8	0.0
702	TR	A0A178DJT4	S-adenosylmethionine synthase OS=Pyrenochaeta sp. DS3sAY3a OX=765867 GN=IQ07DRAFT_636654 PE=3 SV=1	Pyrenochaeta sp. DS3sAY3a	395	1512	77.0	85.4	0.0
703	TR	A0A5C3MCF0	S-adenosylmethionine synthase OS=Crucibulum laeve OX=68775 GN=BDQ12DRAFT_676027 PE=3 SV=1	Crucibulum laeve	395	1512	75.5	87.1	0.0
704	TR	A0A9W9H1B1	S-adenosylmethionine synthase OS=Penicillium bovifimosum OX=126998 GN=N7515_005065 PE=3 SV=1	Penicillium bovifimosum	390	1511	75.3	85.3	0.0
705	TR	A0A420HSS8	S-adenosylmethionine synthase OS=Erysiphe neolycopersici OX=212602 GN=OnM2_050038 PE=3 SV=1	Erysiphe neolycopersici	386	1511	75.8	85.8	0.0
706	TR	A0A086TFE8	S-adenosylmethionine synthase OS=Hapsidospora chrysogenum (strain ATCC 11550 / CBS 779.69 / DSM 880 / IAM 14645 / JCM 23072 / IMI 49137) OX=857340 GN=ACRE_010560 PE=3 SV=1	Hapsidospora chrysogenum (strain ATCC 11550 / CBS 779.69 / DSM 880 / IAM 14645 / JCM 23072 / IMI 49137)	394	1511	74.5	87.1	0.0
707	TR	W3VX47	S-adenosylmethionine synthase OS=Moesziomyces aphidis OX=84754 GN=PaG_00131 PE=3 SV=1	Moesziomyces aphidis	389	1511	75.0	87.6	0.0
708	TR	A0A8H4Y6G5	S-adenosylmethionine synthase OS=Fusarium sp. NRRL 66182 OX=2692428 GN=F66182_4611 PE=3 SV=1	Fusarium sp. NRRL 66182	402	1511	75.1	86.6	0.0
709	TR	A0A6A6VAQ9	S-adenosylmethionine synthase OS=Sporormia fimetaria CBS 119925 OX=1340428 GN=M011DRAFT_468255 PE=3 SV=1	Sporormia fimetaria CBS 119925	397	1511	75.7	86.2	0.0
710	TR	A0A5C3E0E7	S-adenosylmethionine synthase OS=Ustilago trichophora OX=86804 GN=UTRI_03505_B PE=3 SV=1	Ustilago trichophora	389	1511	74.7	87.4	0.0
711	TR	A0A9P8L7S8	S-adenosylmethionine synthase OS=Trichoglossum hirsutum OX=265104 GN=GP486_006529 PE=3 SV=1	Trichoglossum hirsutum	391	1511	75.0	86.6	0.0
712	TR	A0A0C3BHL0	S-adenosylmethionine synthase OS=Serendipita vermifera MAFF 305830 OX=933852 GN=M408DRAFT_273376 PE=3 SV=1	Serendipita vermifera MAFF 305830	391	1511	75.5	86.5	0.0
713	TR	A0A2U9NLD5	S-adenosylmethionine synthase OS=Hapsidospora chrysogena OX=5044 GN=SAMS PE=3 SV=1	Hapsidospora chrysogena	394	1511	74.5	87.1	0.0
714	TR	A0AAD8UP13	S-adenosylmethionine synthase OS=Glomerella acutata OX=27357 GN=BDZ83DRAFT_651073 PE=3 SV=1	Glomerella acutata	401	1511	75.6	85.6	0.0
715	TR	A0A1X2I3H9	S-adenosylmethionine synthase OS=Absidia repens OX=90262 GN=BCR42DRAFT_424559 PE=3 SV=1	Absidia repens	383	1511	73.1	87.2	0.0
716	TR	A0A9W8YGK0	S-adenosylmethionine synthase OS=Neocucurbitaria cava OX=798079 GN=SAM2 PE=3 SV=1	Neocucurbitaria cava	394	1511	75.5	85.5	0.0
717	TR	A0A0A2I0S7	S-adenosylmethionine synthase OS=Penicillium expansum OX=27334 GN=PEX2_100850 PE=3 SV=1	Penicillium expansum	387	1511	74.8	85.6	0.0
718	TR	A0A162Q848	S-adenosylmethionine synthase OS=Colletotrichum incanum OX=1573173 GN=CI238_01185 PE=3 SV=1	Colletotrichum incanum	401	1511	75.3	86.1	0.0
719	TR	A0A2G8RSB9	S-adenosylmethionine synthase OS=Ganoderma sinense ZZ0214-1 OX=1077348 GN=GSI_14161 PE=3 SV=1	Ganoderma sinense ZZ0214-1	396	1511	75.4	87.3	0.0
720	TR	A0A9P4VLJ0	S-adenosylmethionine synthase OS=Patellaria atrata CBS 101060 OX=1346257 GN=M501DRAFT_317491 PE=3 SV=1	Patellaria atrata CBS 101060	394	1511	74.8	87.5	0.0
721	TR	A0A1B9IX24	S-adenosylmethionine synthase OS=Kwoniella mangroviensis CBS 10435 OX=1331196 GN=L486_02763 PE=3 SV=1	Kwoniella mangroviensis CBS 10435	396	1511	76.4	86.6	0.0
722	TR	A0A9R1D0Z7	S-adenosylmethionine synthase OS=Cryptococcus cf. gattii OX=2011032 GN=D1P53_002540 PE=3 SV=1	Cryptococcus cf. gattii	397	1510	76.1	86.4	0.0
723	TR	A0A8H4KAW7	S-adenosylmethionine synthase OS=Fusarium austroafricanum OX=2364996 GN=F53441_9849 PE=3 SV=1	Fusarium austroafricanum	403	1510	75.6	85.8	0.0
724	TR	A0AAN7CEL5	S-adenosylmethionine synthase OS=Achaetomium macrosporum OX=79813 GN=C8A03DRAFT_41850 PE=3 SV=1	Achaetomium macrosporum	401	1510	76.1	85.8	0.0
725	TR	A0AAN6R291	S-adenosylmethionine synthase OS=Onygenales sp. PD_12 OX=2135916 GN=SAM2 PE=3 SV=1	Onygenales sp. PD_12	390	1510	75.8	86.3	0.0
726	TR	A0A9W9FF45	S-adenosylmethionine synthase OS=Penicillium argentinense OX=1131581 GN=N7532_005813 PE=3 SV=1	Penicillium argentinense	389	1510	76.3	85.2	0.0
727	TR	A0A6A5X473	S-adenosylmethionine synthase OS=Amniculicola lignicola CBS 123094 OX=1392246 GN=P154DRAFT_550047 PE=3 SV=1	Amniculicola lignicola CBS 123094	396	1510	76.3	85.0	0.0
728	TR	A0A409VMG8	S-adenosylmethionine synthase OS=Panaeolus cyanescens OX=181874 GN=CVT24_011517 PE=3 SV=1	Panaeolus cyanescens	393	1510	74.9	87.3	0.0
729	TR	A0A1M2V7J6	S-adenosylmethionine synthase OS=Trametes pubescens OX=154538 GN=TRAPUB_5802 PE=3 SV=1	Trametes pubescens	396	1510	74.9	86.5	0.0
730	TR	E4ZWG8	S-adenosylmethionine synthase OS=Leptosphaeria maculans (strain JN3 / isolate v23.1.3 / race Av1-4-5-6-7-8) OX=985895 GN=LEMA_P030960.1 PE=3 SV=1	Leptosphaeria maculans (strain JN3 / isolate v23.1.3 / race Av1-4-5-6-7-8)	395	1510	75.4	86.5	0.0
731	TR	A0A2C5ZKY5	S-adenosylmethionine synthase OS=Ophiocordyceps camponoti-rufipedis OX=2004952 GN=CDD80_2916 PE=3 SV=1	Ophiocordyceps camponoti-rufipedis	398	1510	75.3	85.6	0.0
732	TR	A0A0G2EUM7	S-adenosylmethionine synthase OS=Diplodia seriata OX=420778 GN=BK809_0000842 PE=3 SV=1	Diplodia seriata	391	1510	75.3	86.1	0.0
733	TR	A0A9P4V0L3	S-adenosylmethionine synthase OS=Polyplosphaeria fusca OX=682080 GN=EJ04DRAFT_216122 PE=3 SV=1	Polyplosphaeria fusca	394	1510	76.8	85.2	0.0
734	TR	E6QXM3	S-adenosylmethionine synthase OS=Cryptococcus gattii serotype B (strain WM276 / ATCC MYA-4071) OX=367775 GN=CGB_A4140C PE=3 SV=1	Cryptococcus gattii serotype B (strain WM276 / ATCC MYA-4071)	397	1510	76.1	86.4	0.0
735	TR	A0A8H4QBP7	S-adenosylmethionine synthase OS=Ophiocordyceps camponoti-floridani OX=2030778 GN=GQ602_000233 PE=3 SV=1	Ophiocordyceps camponoti-floridani	398	1510	75.3	85.8	0.0
736	TR	W9CBJ1	S-adenosylmethionine synthase OS=Sclerotinia borealis (strain F-4128) OX=1432307 GN=SBOR_7384 PE=3 SV=1	Sclerotinia borealis (strain F-4128)	392	1510	75.5	85.5	0.0
737	TR	M2RHY4	S-adenosylmethionine synthase OS=Ceriporiopsis subvermispora (strain B) OX=914234 GN=CERSUDRAFT_64362 PE=3 SV=1	Ceriporiopsis subvermispora (strain B)	392	1510	74.2	87.9	0.0
738	TR	D5GJ78	S-adenosylmethionine synthase OS=Tuber melanosporum (strain Mel28) OX=656061 GN=GSTUM_00008874001 PE=3 SV=1	Tuber melanosporum (strain Mel28)	382	1510	74.3	85.9	0.0
739	TR	A0A6A6BWK3	S-adenosylmethionine synthase OS=Aplosporella prunicola CBS 121167 OX=1176127 GN=K452DRAFT_3710 PE=3 SV=1	Aplosporella prunicola CBS 121167	392	1510	75.7	86.3	0.0
740	TR	A0A446BA71	S-adenosylmethionine synthase OS=Thermothielavioides terrestris OX=2587410 GN=TT172_LOCUS1804 PE=3 SV=1	Thermothielavioides terrestris	405	1509	76.1	86.1	0.0
741	TR	G2QY68	S-adenosylmethionine synthase OS=Thermothielavioides terrestris (strain ATCC 38088 / NRRL 8126) OX=578455 GN=THITE_56460 PE=3 SV=1	Thermothielavioides terrestris (strain ATCC 38088 / NRRL 8126)	405	1509	76.1	86.1	0.0
742	TR	A0A1J9QPZ0	S-adenosylmethionine synthase OS=Diplodia corticola OX=236234 GN=BKCO1_5900063 PE=3 SV=1	Diplodia corticola	391	1509	75.3	85.8	0.0
743	TR	A0A0H2RM68	S-adenosylmethionine synthase OS=Schizopora paradoxa OX=27342 GN=SCHPADRAFT_906799 PE=3 SV=1	Schizopora paradoxa	392	1509	75.4	86.5	0.0
744	TR	A0AAF0J6G1	S-adenosylmethionine synthase OS=Malassezia cuniculi OX=948313 GN=SAM2 PE=3 SV=1	Malassezia cuniculi	387	1509	75.0	85.8	0.0
745	TR	A0A854QNT8	S-adenosylmethionine synthase OS=Cryptococcus neoformans var. grubii Tu259-1 OX=1230072 GN=C361_00430 PE=3 SV=1	Cryptococcus neoformans var. grubii Tu259-1	397	1509	75.6	86.4	0.0
746	TR	A0A6S6VFH2	S-adenosylmethionine synthase OS=Pyrenophora teres f. teres OX=97479 GN=PTTW11_02830 PE=3 SV=1	Pyrenophora teres f. teres	390	1509	76.1	85.5	0.0
747	TR	A0A6A6Q6Z6	S-adenosylmethionine synthase OS=Neohortaea acidophila OX=245834 GN=BDY17DRAFT_306598 PE=3 SV=1	Neohortaea acidophila	391	1509	76.2	86.2	0.0
748	TR	A0A067Q470	S-adenosylmethionine synthase OS=Jaapia argillacea MUCL 33604 OX=933084 GN=JAAARDRAFT_31914 PE=3 SV=1	Jaapia argillacea MUCL 33604	394	1509	75.4	88.1	0.0
749	TR	J9VGS7	S-adenosylmethionine synthase OS=Cryptococcus neoformans var. grubii serotype A (strain H99 / ATCC 208821 / CBS 10515 / FGSC 9487) OX=235443 GN=CNAG_00418 PE=3 SV=1	Cryptococcus neoformans var. grubii serotype A (strain H99 / ATCC 208821 / CBS 10515 / FGSC 9487)	397	1509	75.6	86.4	0.0
750	TR	A0A8I2YPW6	S-adenosylmethionine synthase OS=Boletus reticuloceps OX=495285 GN=JVT61DRAFT_2216 PE=3 SV=1	Boletus reticuloceps	392	1509	74.9	87.8	0.0
751	TR	A0A8H7FX66	S-adenosylmethionine synthase OS=Athelia sp. TMB OX=2748771 GN=HWV62_11199 PE=3 SV=1	Athelia sp. TMB	391	1509	75.5	85.8	0.0
752	TR	A0A9Q8PFU4	S-adenosylmethionine synthase OS=Passalora fulva OX=5499 GN=CLAFUR5_09619 PE=3 SV=1	Passalora fulva	394	1509	75.3	86.3	0.0
753	TR	N1PJD9	S-adenosylmethionine synthase OS=Dothistroma septosporum (strain NZE10 / CBS 128990) OX=675120 GN=DOTSEDRAFT_73389 PE=3 SV=1	Dothistroma septosporum (strain NZE10 / CBS 128990)	394	1509	74.7	86.3	0.0
754	TR	A0A9W9KJC6	S-adenosylmethionine synthase OS=Penicillium angulare OX=116970 GN=N7456_004092 PE=3 SV=1	Penicillium angulare	388	1508	74.2	86.6	0.0
755	TR	A0AAD6D9G1	S-adenosylmethionine synthase OS=Penicillium hetheringtonii OX=911720 GN=N7450_011193 PE=3 SV=1	Penicillium hetheringtonii	389	1508	76.0	85.2	0.0
756	TR	A0A166MAJ5	S-adenosylmethionine synthase OS=Colletotrichum tofieldiae OX=708197 GN=CT0861_09070 PE=3 SV=1	Colletotrichum tofieldiae	401	1508	75.1	86.1	0.0
757	TR	A0A8H4T382	S-adenosylmethionine synthase OS=Fusarium sarcochroum OX=1208366 GN=FSARC_13172 PE=3 SV=1	Fusarium sarcochroum	403	1508	75.3	85.8	0.0
758	TR	A0AA39ZI03	S-adenosylmethionine synthase OS=Cercophora samala OX=330535 GN=QBC41DRAFT_335195 PE=3 SV=1	Cercophora samala	408	1508	75.3	86.4	0.0
759	TR	S8DPI6	S-adenosylmethionine synthase OS=Fomitopsis schrenkii OX=2126942 GN=FOMPIDRAFT_1025924 PE=3 SV=1	Fomitopsis schrenkii	393	1508	74.9	86.5	0.0
760	TR	A0AAJ0GII4	S-adenosylmethionine synthase OS=Extremus antarcticus OX=702011 GN=SAM2 PE=3 SV=1	Extremus antarcticus	393	1508	75.5	85.3	0.0
761	TR	A0A9W9TL53	S-adenosylmethionine synthase OS=Penicillium citrinum OX=5077 GN=N7469_006842 PE=3 SV=1	Penicillium citrinum	389	1508	76.0	85.2	0.0
762	TR	A0A4T0VPY0	S-adenosylmethionine synthase OS=Colletotrichum higginsianum OX=80884 GN=CH35J_009389 PE=3 SV=1	Colletotrichum higginsianum	401	1508	75.1	86.1	0.0
763	TR	A0A5Q4BYL5	S-adenosylmethionine synthase OS=Colletotrichum shisoi OX=2078593 GN=Eth-1 PE=3 SV=1	Colletotrichum shisoi	401	1508	75.1	86.1	0.0
764	TR	A0A5C3E3Q5	S-adenosylmethionine synthase OS=Ustilago trichophora OX=86804 GN=UTRI_03505 PE=3 SV=1	Ustilago trichophora	389	1508	74.5	87.4	0.0
765	TR	A0A3E2GTX7	S-adenosylmethionine synthase (Fragment) OS=Scytalidium lignicola OX=5539 GN=B7463_g11829 PE=3 SV=1	Scytalidium lignicola	398	1508	75.0	86.1	0.0
766	TR	A0A067LV81	S-adenosylmethionine synthase OS=Botryobasidium botryosum (strain FD-172 SS1) OX=930990 GN=BOTBODRAFT_38939 PE=3 SV=1	Botryobasidium botryosum (strain FD-172 SS1)	390	1508	75.7	87.3	0.0
767	TR	A0A286UV89	S-adenosylmethionine synthase OS=Pyrrhoderma noxium OX=2282107 GN=PNOK_0056500 PE=3 SV=1	Pyrrhoderma noxium	391	1508	75.1	87.6	0.0
768	TR	A0A1B7XZ09	S-adenosylmethionine synthase OS=Colletotrichum higginsianum (strain IMI 349063) OX=759273 GN=CH63R_11682 PE=3 SV=1	Colletotrichum higginsianum (strain IMI 349063)	401	1508	75.1	86.1	0.0
769	TR	Q5KP62	S-adenosylmethionine synthase OS=Cryptococcus neoformans var. neoformans serotype D (strain JEC21 / ATCC MYA-565) OX=214684 GN=CNA04060 PE=3 SV=1	Cryptococcus neoformans var. neoformans serotype D (strain JEC21 / ATCC MYA-565)	397	1508	75.9	86.4	0.0
770	TR	A0AAX4INF1	S-adenosylmethionine synthase OS=Colletotrichum destructivum OX=34406 GN=CDEST_09928 PE=3 SV=1	Colletotrichum destructivum	401	1508	75.1	86.1	0.0
771	TR	A0AAV9T5K6	S-adenosylmethionine synthase OS=Colletotrichum tabaci OX=1209068 GN=QIS74_09957 PE=3 SV=1	Colletotrichum tabaci	401	1508	75.1	86.1	0.0
772	TR	A0A401GHY8	S-adenosylmethionine synthase OS=Sparassis crispa OX=139825 GN=SCP_0401790 PE=3 SV=1	Sparassis crispa	392	1508	75.2	86.0	0.0
773	TR	A0A166EKS5	S-adenosylmethionine synthase OS=Sistotremastrum suecicum HHB10207 ss-3 OX=1314776 GN=SISSUDRAFT_1045209 PE=3 SV=1	Sistotremastrum suecicum HHB10207 ss-3	396	1508	74.4	87.1	0.0
774	TR	A0A5E3WAV4	S-adenosylmethionine synthase OS=Peniophora sp. CBMAI 1063 OX=718367 GN=PNH_LOCUS122 PE=3 SV=1	Peniophora sp. CBMAI 1063	388	1507	74.3	87.3	0.0
775	TR	A0A8H3ABR2	S-adenosylmethionine synthase OS=Rhizoctonia solani OX=456999 GN=RDB_LOCUS86854 PE=3 SV=1	Rhizoctonia solani	392	1507	74.5	87.1	0.0
776	TR	A0A165TEW7	S-adenosylmethionine synthase OS=Neolentinus lepideus HHB14362 ss-1 OX=1314782 GN=NEOLEDRAFT_1132086 PE=3 SV=1	Neolentinus lepideus HHB14362 ss-1	387	1507	74.7	86.6	0.0
777	TR	A0A420IF43	S-adenosylmethionine synthase OS=Golovinomyces cichoracearum OX=62708 GN=GcM1_245034 PE=3 SV=1	Golovinomyces cichoracearum	385	1507	74.0	85.8	0.0
778	TR	A0A1K0HBT6	S-adenosylmethionine synthase OS=Ustilago bromivora OX=307758 GN=UBRO2_01327 PE=3 SV=1	Ustilago bromivora	389	1507	75.0	87.4	0.0
779	TR	A0AAD4C528	S-adenosylmethionine synthase OS=Boletus edulis BED1 OX=1328754 GN=L210DRAFT_3527347 PE=3 SV=1	Boletus edulis BED1	392	1507	74.9	87.8	0.0
780	TR	A0AAQ3RBQ2	S-adenosylmethionine synthase OS=Acrodontium crateriforme OX=150365 GN=R9X50_00326200 PE=3 SV=1	Acrodontium crateriforme	391	1507	76.2	85.4	0.0
781	TR	A0A2H3J6C1	S-adenosylmethionine synthase OS=Wolfiporia cocos (strain MD-104) OX=742152 GN=WOLCODRAFT_22860 PE=3 SV=1	Wolfiporia cocos (strain MD-104)	393	1507	74.7	87.1	0.0
782	TR	A0A1V6RUR3	S-adenosylmethionine synthase OS=Penicillium vulpinum OX=29845 GN=PENVUL_c025G05651 PE=3 SV=1	Penicillium vulpinum	387	1507	74.8	85.6	0.0
783	TR	A0A4U6XIE7	S-adenosylmethionine synthase OS=Colletotrichum tanaceti OX=1306861 GN=eth-1 PE=3 SV=1	Colletotrichum tanaceti	401	1507	74.8	86.1	0.0
784	TR	A0A9Q7XA39	S-adenosylmethionine synthase OS=Ustilago sp. UG-2017a OX=2043610 GN=UDID_07187 PE=3 SV=1	Ustilago sp. UG-2017a	389	1507	75.0	87.4	0.0
785	TR	A0A9Q7XLQ0	S-adenosylmethionine synthase OS=Ustilago sp. UG-2017b OX=2043611 GN=UHOD_07187 PE=3 SV=1	Ustilago sp. UG-2017b	389	1507	75.0	87.4	0.0
786	TR	A0A9P6EZ75	S-adenosylmethionine synthase OS=Mortierella hygrophila OX=979708 GN=SAM2 PE=3 SV=1	Mortierella hygrophila	383	1507	74.2	85.6	0.0
787	TR	A0A0D0VQA7	S-adenosylmethionine synthase OS=Cryptococcus bacillisporus CA1280 OX=1296109 GN=I312_02409 PE=3 SV=1	Cryptococcus bacillisporus CA1280	397	1507	75.9	86.4	0.0
788	TR	A0A2V1DGL7	S-adenosylmethionine synthase OS=Periconia macrospinosa OX=97972 GN=DM02DRAFT_616635 PE=3 SV=1	Periconia macrospinosa	392	1507	75.7	85.5	0.0
789	TR	A0A9P5GP92	S-adenosylmethionine synthase OS=Penicillium crustosum OX=36656 GN=PCG10_004449 PE=3 SV=1	Penicillium crustosum	387	1506	74.5	85.6	0.0
790	TR	A0A8H5IUM8	S-adenosylmethionine synthase OS=Fusarium mexicanum OX=751941 GN=FMEXI_7541 PE=3 SV=1	Fusarium mexicanum	403	1506	75.6	85.6	0.0
791	TR	A0A9W4WPF1	S-adenosylmethionine synthase OS=Colletotrichum noveboracense OX=2664923 GN=CGXH109_LOCUS116515 PE=3 SV=1	Colletotrichum noveboracense	396	1506	75.1	85.8	0.0
792	TR	A0A0N8H7F0	S-adenosylmethionine synthase OS=Neonectria ditissima OX=78410 GN=AK830_g4975 PE=3 SV=1	Neonectria ditissima	406	1506	74.8	85.8	0.0
793	TR	L2FUG5	S-adenosylmethionine synthase OS=Colletotrichum fructicola (strain Nara gc5) OX=1213859 GN=eth-1 PE=3 SV=1	Colletotrichum fructicola (strain Nara gc5)	396	1506	75.1	85.8	0.0
794	TR	A0A8H5WME1	S-adenosylmethionine synthase OS=Fusarium circinatum OX=48490 GN=FCIRC_11266 PE=3 SV=1	Fusarium circinatum	403	1506	75.6	85.6	0.0
795	TR	A0AAV9XS85	S-adenosylmethionine synthase OS=Orbilia ellipsospora OX=2528407 GN=SAM2_1 PE=3 SV=1	Orbilia ellipsospora	391	1506	74.1	86.3	0.0
796	TR	A0A8H5PS78	S-adenosylmethionine synthase OS=Gibberella subglutinans OX=42677 GN=FSUBG_8183 PE=3 SV=1	Gibberella subglutinans	403	1506	75.6	85.6	0.0
797	TR	I2FTD7	S-adenosylmethionine synthase OS=Ustilago hordei OX=120017 GN=UHOR_07187 PE=3 SV=1	Ustilago hordei	389	1506	74.7	87.4	0.0
798	TR	A0A9P4N3J8	S-adenosylmethionine synthase OS=Lojkania enalia OX=147567 GN=CC78DRAFT_551365 PE=3 SV=1	Lojkania enalia	393	1506	74.9	86.5	0.0
799	TR	A0A9P5L8V7	S-adenosylmethionine synthase OS=Cylindrodendrum hubeiense OX=595255 GN=G7Z17_g8610 PE=3 SV=1	Cylindrodendrum hubeiense	403	1506	74.8	86.4	0.0
800	TR	A0AAD9Y6S6	S-adenosylmethionine synthase OS=Colletotrichum kahawae OX=34407 GN=CKAH01_06715 PE=3 SV=1	Colletotrichum kahawae	396	1505	75.1	85.8	0.0
801	TR	A0A8H7I053	S-adenosylmethionine synthase (Fragment) OS=Rhizoctonia solani OX=456999 GN=RHS03_01796 PE=3 SV=1	Rhizoctonia solani	392	1505	74.2	87.4	0.0
802	TR	K9GRT8	S-adenosylmethionine synthase OS=Penicillium digitatum (strain PHI26 / CECT 20796) OX=1170229 GN=PDIG_15720 PE=3 SV=1	Penicillium digitatum (strain PHI26 / CECT 20796)	387	1505	74.5	85.6	0.0
803	TR	A0A1L9VI91	S-adenosylmethionine synthase OS=Aspergillus glaucus CBS 516.65 OX=1160497 GN=ASPGLDRAFT_48148 PE=3 SV=1	Aspergillus glaucus CBS 516.65	387	1505	74.6	86.5	0.0
804	TR	A0A9W9NEQ7	S-adenosylmethionine synthase OS=Penicillium cinerascens OX=70096 GN=N7498_000646 PE=3 SV=1	Penicillium cinerascens	390	1505	75.2	85.5	0.0
805	TR	A0A1B9IB31	S-adenosylmethionine synthase OS=Kwoniella pini CBS 10737 OX=1296096 GN=I206_00172 PE=3 SV=1	Kwoniella pini CBS 10737	396	1505	75.9	86.4	0.0
806	TR	A0A063BV51	S-adenosylmethionine synthase OS=Ustilaginoidea virens OX=1159556 GN=UV8b_02098 PE=3 SV=1	Ustilaginoidea virens	394	1505	76.4	85.3	0.0
807	TR	A0AAN7CY71	S-adenosylmethionine synthase OS=Corynascus novoguineensis OX=1126955 GN=C7999DRAFT_29003 PE=3 SV=1	Corynascus novoguineensis	403	1505	75.6	85.8	0.0
808	TR	A0A7T6XSV1	S-adenosylmethionine synthase OS=Penicillium digitatum OX=36651 GN=Pdw03_1683 PE=3 SV=1	Penicillium digitatum	387	1505	74.5	85.6	0.0
809	TR	A0AA38W095	S-adenosylmethionine synthase OS=Coniochaeta hoffmannii OX=91930 GN=NKR19_g3987 PE=3 SV=1	Coniochaeta hoffmannii	404	1505	75.6	85.8	0.0
810	TR	K9GWY1	S-adenosylmethionine synthase OS=Penicillium digitatum (strain Pd1 / CECT 20795) OX=1170230 GN=PDIP_31290 PE=3 SV=1	Penicillium digitatum (strain Pd1 / CECT 20795)	387	1505	74.5	85.6	0.0
811	TR	A0A197JIM9	S-adenosylmethionine synthase OS=Linnemannia elongata AG-77 OX=1314771 GN=K457DRAFT_35978 PE=3 SV=1	Linnemannia elongata AG-77	383	1505	74.2	85.1	0.0
812	TR	A0AAD5WXN2	S-adenosylmethionine synthase OS=Zalerion maritima OX=339359 GN=MKZ38_003115 PE=3 SV=1	Zalerion maritima	402	1505	74.0	86.6	0.0
813	TR	L8X467	S-adenosylmethionine synthase OS=Thanatephorus cucumeris (strain AG1-IA) OX=983506 GN=AG1IA_00965 PE=3 SV=1	Thanatephorus cucumeris (strain AG1-IA)	392	1505	74.2	87.4	0.0
814	TR	A0A9P7XRI1	S-adenosylmethionine synthase OS=Linnemannia hyalina OX=64524 GN=SAM2 PE=3 SV=1	Linnemannia hyalina	383	1505	74.2	85.4	0.0
815	TR	A0A6A7B683	S-adenosylmethionine synthase OS=Plenodomus tracheiphilus IPT5 OX=1408161 GN=T440DRAFT_108976 PE=3 SV=1	Plenodomus tracheiphilus IPT5	395	1505	75.4	86.2	0.0
816	TR	A0AA38REN2	S-adenosylmethionine synthase OS=Pleurostoma richardsiae OX=41990 GN=NKR23_g10427 PE=3 SV=1	Pleurostoma richardsiae	403	1504	75.1	86.1	0.0
817	TR	A0AAJ0M709	S-adenosylmethionine synthase OS=Chaetomium strumarium OX=1170767 GN=B0T15DRAFT_67033 PE=3 SV=1	Chaetomium strumarium	401	1504	75.6	85.6	0.0
818	TR	A0A1V8SRL6	S-adenosylmethionine synthase OS=Cryoendolithus antarcticus OX=1507870 GN=B0A48_12298 PE=3 SV=1	Cryoendolithus antarcticus	394	1504	75.7	85.7	0.0
819	TR	A0A9P3GK11	S-adenosylmethionine synthase OS=Phanerochaete sordida OX=48140 GN=PsYK624_131460 PE=3 SV=1	Phanerochaete sordida	391	1504	74.4	87.1	0.0
820	TR	A0A1V8TJZ7	S-adenosylmethionine synthase OS=Cryoendolithus antarcticus OX=1507870 GN=B0A48_03298 PE=3 SV=1	Cryoendolithus antarcticus	394	1504	75.7	85.7	0.0
821	TR	A0A8H3DC49	S-adenosylmethionine synthase OS=Rhizoctonia solani OX=456999 GN=RDB_LOCUS138928 PE=3 SV=1	Rhizoctonia solani	393	1504	74.5	87.4	0.0
822	TR	A0A9P4LY02	S-adenosylmethionine synthase OS=Saccharata proteae CBS 121410 OX=1314787 GN=K490DRAFT_39693 PE=3 SV=1	Saccharata proteae CBS 121410	392	1504	75.2	86.5	0.0
823	TR	A0A8H2W960	S-adenosylmethionine synthase OS=Rhizoctonia solani OX=456999 GN=RDB_LOCUS3345 PE=3 SV=1	Rhizoctonia solani	392	1504	74.2	87.4	0.0
824	TR	A0A0G4LXW6	S-adenosylmethionine synthase OS=Verticillium longisporum OX=100787 GN=BN1708_000719 PE=3 SV=1	Verticillium longisporum	395	1504	75.1	86.6	0.0
825	TR	A0A4U0W253	S-adenosylmethionine synthase OS=Cryomyces minteri OX=331657 GN=B0A49_11087 PE=3 SV=1	Cryomyces minteri	393	1504	75.0	85.5	0.0
826	TR	A0A167DNV7	S-adenosylmethionine synthase OS=Metarhizium rileyi (strain RCEF 4871) OX=1649241 GN=SAM2 PE=3 SV=1	Metarhizium rileyi (strain RCEF 4871)	394	1504	76.4	85.3	0.0
827	TR	G2WZ30	S-adenosylmethionine synthase OS=Verticillium dahliae (strain VdLs.17 / ATCC MYA-4575 / FGSC 10137) OX=498257 GN=VDAG_03272 PE=3 SV=1	Verticillium dahliae (strain VdLs.17 / ATCC MYA-4575 / FGSC 10137)	395	1504	75.1	86.6	0.0
828	TR	A0A428PDS0	S-adenosylmethionine synthase OS=Fusarium sp. AF-6 OX=1325737 GN=CEP53_008530 PE=3 SV=1	Fusarium sp. AF-6	403	1504	74.8	86.1	0.0
829	TR	A0A3M9YMI0	S-adenosylmethionine synthase OS=Verticillium nonalfalfae OX=1051616 GN=SAM2 PE=3 SV=1	Verticillium nonalfalfae	395	1504	75.1	86.6	0.0
830	TR	A0A0C9SRI6	S-adenosylmethionine synthase OS=Paxillus involutus ATCC 200175 OX=664439 GN=PAXINDRAFT_172118 PE=3 SV=1	Paxillus involutus ATCC 200175	392	1504	75.1	87.3	0.0
831	TR	A0A9W9K3K5	S-adenosylmethionine synthase OS=Penicillium alfredii OX=1506179 GN=NUU61_006698 PE=3 SV=1	Penicillium alfredii	390	1504	75.1	85.4	0.0
832	TR	A0A444RY69	S-adenosylmethionine synthase OS=Verticillium dahliae OX=27337 GN=VDGE_03272 PE=3 SV=1	Verticillium dahliae	456	1504	75.1	86.6	0.0
833	TR	A0AA44WC50	S-adenosylmethionine synthase OS=Verticillium dahliae OX=27337 GN=BJF96_g7796 PE=3 SV=1	Verticillium dahliae	395	1504	75.1	86.6	0.0
834	TR	A0A9P3PEV5	S-adenosylmethionine synthase OS=Lyophyllum shimeji OX=47721 GN=SAM2 PE=3 SV=1	Lyophyllum shimeji	393	1504	74.4	87.1	0.0
835	TR	Q2H670	S-adenosylmethionine synthase OS=Chaetomium globosum (strain ATCC 6205 / CBS 148.51 / DSM 1962 / NBRC 6347 / NRRL 1970) OX=306901 GN=CHGG_05845 PE=3 SV=1	Chaetomium globosum (strain ATCC 6205 / CBS 148.51 / DSM 1962 / NBRC 6347 / NRRL 1970)	399	1504	75.3	85.8	0.0
836	TR	A0A0G4MMJ4	S-adenosylmethionine synthase OS=Verticillium longisporum OX=100787 GN=BN1708_006755 PE=3 SV=1	Verticillium longisporum	395	1504	75.1	86.6	0.0
837	TR	A0A8K0XUG2	S-adenosylmethionine synthase OS=Cristinia sonorae OX=1940300 GN=BXZ70DRAFT_885006 PE=3 SV=1	Cristinia sonorae	393	1503	75.1	87.3	0.0
838	TR	A0A9P5AAT0	S-adenosylmethionine synthase OS=Fusarium beomiforme OX=44412 GN=FBEOM_10932 PE=3 SV=1	Fusarium beomiforme	403	1503	75.3	85.6	0.0
839	TR	A0AAE0LVE8	S-adenosylmethionine synthase OS=Chaetomium fimeti OX=1854472 GN=B0H64DRAFT_86564 PE=3 SV=1	Chaetomium fimeti	399	1503	75.1	86.1	0.0
840	TR	A0A9P5JZ12	S-adenosylmethionine synthase OS=Russula ochroleuca OX=152965 GN=DFH94DRAFT_771512 PE=3 SV=1	Russula ochroleuca	392	1503	75.4	86.2	0.0
841	TR	A0A0D1XYV3	S-adenosylmethionine synthase OS=Exophiala mesophila OX=212818 GN=PV10_04624 PE=3 SV=1	Exophiala mesophila	392	1503	76.0	85.8	0.0
842	TR	A0AAV9U662	S-adenosylmethionine synthase OS=Orbilia brochopaga OX=3140254 GN=SAM2 PE=3 SV=1	Orbilia brochopaga	408	1503	75.3	86.2	0.0
843	TR	A0A9W8R3M1	S-adenosylmethionine synthase OS=Fusarium falciforme OX=195108 GN=SAM2 PE=3 SV=1	Fusarium falciforme	403	1503	75.1	86.1	0.0
844	TR	A0A8H5RSH1	S-adenosylmethionine synthase OS=Fusarium tjaetaba OX=1567544 GN=FTJAE_5366 PE=3 SV=1	Fusarium tjaetaba	403	1503	75.3	85.6	0.0
845	TR	A0A420HK28	S-adenosylmethionine synthase OS=Golovinomyces cichoracearum OX=62708 GN=GcC1_187038 PE=3 SV=1	Golovinomyces cichoracearum	385	1503	73.8	85.8	0.0
846	TR	A0A9P4P158	S-adenosylmethionine synthase OS=Tothia fuscella OX=1048955 GN=EJ08DRAFT_645288 PE=3 SV=1	Tothia fuscella	390	1503	75.5	85.2	0.0
847	TR	A0A0G4P9Q4	S-adenosylmethionine synthase OS=Penicillium camemberti (strain FM 013) OX=1429867 GN=PCAMFM013_S008g000471 PE=3 SV=1	Penicillium camemberti (strain FM 013)	387	1503	74.3	85.8	0.0
848	TR	A0A9P5RU48	S-adenosylmethionine synthase OS=Linnemannia schmuckeri OX=64567 GN=SAM2 PE=3 SV=1	Linnemannia schmuckeri	383	1503	74.2	85.1	0.0
849	TR	A0A1V6ST98	S-adenosylmethionine synthase OS=Penicillium steckii OX=303698 GN=PENSTE_c021G04061 PE=3 SV=1	Penicillium steckii	389	1503	75.7	84.7	0.0
850	TR	A0A409XR43	S-adenosylmethionine synthase OS=Psilocybe cyanescens OX=93625 GN=CVT25_015280 PE=3 SV=1	Psilocybe cyanescens	1264	1503	73.0	83.6	0.0
851	TR	A0A7R7ZM58	S-adenosylmethionine synthase OS=Aspergillus chevalieri OX=182096 GN=SAM2 PE=3 SV=1	Aspergillus chevalieri	387	1502	74.4	86.0	0.0
852	TR	A0A1Q2YBQ8	S-adenosylmethionine synthase OS=Pichia membranifaciens OX=4926 GN=PMKS-000457 PE=3 SV=1	Pichia membranifaciens	376	1502	78.1	87.4	0.0
853	TR	W9LA00	S-adenosylmethionine synthase OS=Fusarium oxysporum Fo47 OX=660027 GN=FOZG_01350 PE=3 SV=1	Fusarium oxysporum Fo47	403	1502	75.3	85.6	0.0
854	TR	A0A017SG79	S-adenosylmethionine synthase OS=Aspergillus ruber (strain CBS 135680) OX=1388766 GN=EURHEDRAFT_455611 PE=3 SV=1	Aspergillus ruber (strain CBS 135680)	387	1502	74.3	86.5	0.0
855	TR	A0A8H6H3R7	S-adenosylmethionine synthase OS=Fusarium oxysporum f. sp. conglutinans OX=100902 GN=HZS61_001020 PE=3 SV=1	Fusarium oxysporum f. sp. conglutinans	403	1502	75.3	85.6	0.0
856	TR	A0AAN6W9R0	S-adenosylmethionine synthase OS=Triangularia setosa OX=2587417 GN=QBC36DRAFT_120664 PE=3 SV=1	Triangularia setosa	408	1502	75.6	85.8	0.0
857	TR	S0DJM5	S-adenosylmethionine synthase OS=Gibberella fujikuroi (strain CBS 195.34 / IMI 58289 / NRRL A-6831) OX=1279085 GN=FFUJ_00939 PE=3 SV=1	Gibberella fujikuroi (strain CBS 195.34 / IMI 58289 / NRRL A-6831)	403	1502	75.3	85.6	0.0
858	TR	A0A8H3HD53	S-adenosylmethionine synthase OS=Rhizoctonia solani OX=456999 GN=RDB_LOCUS143163 PE=3 SV=1	Rhizoctonia solani	392	1502	73.9	87.4	0.0
859	TR	A0A8H6DG47	S-adenosylmethionine synthase OS=Fusarium globosum OX=78864 GN=FGLOB1_3062 PE=3 SV=1	Fusarium globosum	403	1502	75.3	85.6	0.0
860	TR	A0A8H5Q5K1	S-adenosylmethionine synthase OS=Fusarium pseudoanthophilum OX=48495 GN=FPANT_204 PE=3 SV=1	Fusarium pseudoanthophilum	403	1502	75.3	85.6	0.0
861	TR	X0IDQ0	S-adenosylmethionine synthase OS=Fusarium oxysporum f. sp. conglutinans race 2 54008 OX=1089457 GN=FOPG_01892 PE=3 SV=1	Fusarium oxysporum f. sp. conglutinans race 2 54008	403	1502	75.3	85.6	0.0
862	TR	X0C7H8	S-adenosylmethionine synthase OS=Fusarium oxysporum f. sp. raphani 54005 OX=1089458 GN=FOQG_09574 PE=3 SV=1	Fusarium oxysporum f. sp. raphani 54005	403	1502	75.3	85.6	0.0
863	TR	A0A8K0S5U0	S-adenosylmethionine synthase OS=Fusarium tricinctum OX=61284 GN=BKA59DRAFT_392310 PE=3 SV=1	Fusarium tricinctum	409	1502	74.4	85.3	0.0
864	TR	R9NWL0	S-adenosylmethionine synthase OS=Pseudozyma hubeiensis (strain SY62) OX=1305764 GN=PHSY_000404 PE=3 SV=1	Pseudozyma hubeiensis (strain SY62)	389	1502	74.5	87.4	0.0
865	TR	A0A8H5YDA8	S-adenosylmethionine synthase OS=Fusarium mundagurra OX=1567541 GN=FMUND_10208 PE=3 SV=1	Fusarium mundagurra	403	1502	75.3	85.6	0.0
866	TR	A0A0I9ZME1	S-adenosylmethionine synthase OS=Fusarium fujikuroi OX=5127 GN=C2S_12417 PE=3 SV=1	Fusarium fujikuroi	403	1502	75.3	85.6	0.0
867	TR	A0A430L487	S-adenosylmethionine synthase OS=Fusarium euwallaceae OX=1147111 GN=BHE90_015129 PE=3 SV=1	Fusarium euwallaceae	406	1502	75.1	85.8	0.0
868	TR	A0A9P5EI86	S-adenosylmethionine synthase OS=Colletotrichum siamense OX=690259 GN=eth-1 PE=3 SV=1	Colletotrichum siamense	396	1502	74.8	85.8	0.0
869	TR	W9IF44	S-adenosylmethionine synthase OS=Fusarium oxysporum NRRL 32931 OX=660029 GN=FOYG_06703 PE=3 SV=1	Fusarium oxysporum NRRL 32931	403	1502	75.3	85.6	0.0
870	TR	N4TF82	S-adenosylmethionine synthase OS=Fusarium oxysporum f. sp. cubense (strain race 1) OX=1229664 GN=FOC1_g10015930 PE=3 SV=1	Fusarium oxysporum f. sp. cubense (strain race 1)	403	1502	75.3	85.6	0.0
871	TR	A0A8H5QLH7	S-adenosylmethionine synthase OS=Fusarium sp. NRRL 52700 OX=1101274 GN=F52700_12652 PE=3 SV=1	Fusarium sp. NRRL 52700	403	1502	75.3	85.6	0.0
872	TR	X8JDB0	S-adenosylmethionine synthase OS=Rhizoctonia solani AG-3 Rhs1AP OX=1086054 GN=RSOL_404500 PE=3 SV=1	Rhizoctonia solani AG-3 Rhs1AP	392	1502	73.9	87.4	0.0
873	TR	A0A3L6P4S7	S-adenosylmethionine synthase OS=Fusarium oxysporum f. sp. cepae OX=396571 GN=BFJ65_g72 PE=3 SV=1	Fusarium oxysporum f. sp. cepae	403	1502	75.3	85.6	0.0
874	TR	A0A4Q2VHN3	S-adenosylmethionine synthase OS=Fusarium oxysporum f. sp. narcissi OX=451672 GN=BFJ63_vAg11488 PE=3 SV=1	Fusarium oxysporum f. sp. narcissi	403	1502	75.3	85.6	0.0
875	TR	A0AAN6UFN6	S-adenosylmethionine synthase OS=Trichocladium antarcticum OX=1450529 GN=BT67DRAFT_136313 PE=3 SV=1	Trichocladium antarcticum	412	1502	75.1	86.1	0.0
876	TR	A0A1E3BNM2	S-adenosylmethionine synthase OS=Aspergillus cristatus OX=573508 GN=SI65_02810 PE=3 SV=1	Aspergillus cristatus	387	1502	74.4	86.0	0.0
877	TR	N1R7B6	S-adenosylmethionine synthase OS=Fusarium oxysporum f. sp. cubense (strain race 4) OX=2502994 GN=FOC4_g10014873 PE=3 SV=1	Fusarium oxysporum f. sp. cubense (strain race 4)	403	1502	75.3	85.6	0.0
878	TR	A0AAD4F3D2	S-adenosylmethionine synthase OS=Staphylotrichum longicolle OX=669026 GN=ETH1 PE=3 SV=1	Staphylotrichum longicolle	406	1502	75.3	85.8	0.0
879	TR	C7YHH2	S-adenosylmethionine synthase OS=Fusarium vanettenii (strain ATCC MYA-4622 / CBS 123669 / FGSC 9596 / NRRL 45880 / 77-13-4) OX=660122 GN=NECHADRAFT_98845 PE=3 SV=1	Fusarium vanettenii (strain ATCC MYA-4622 / CBS 123669 / FGSC 9596 / NRRL 45880 / 77-13-4)	403	1502	74.8	86.1	0.0
880	TR	A0AAN6ZWY2	S-adenosylmethionine synthase OS=Chaetomidium leptoderma OX=669021 GN=C8A00DRAFT_33269 PE=3 SV=1	Chaetomidium leptoderma	406	1502	75.1	86.1	0.0
881	TR	A0A8J5PPY6	S-adenosylmethionine synthase OS=Fusarium oxysporum f. sp. rapae OX=485398 GN=eth-1 PE=3 SV=1	Fusarium oxysporum f. sp. rapae	403	1502	75.3	85.6	0.0
882	TR	A0A2K0W586	S-adenosylmethionine synthase OS=Gibberella nygamai OX=42673 GN=FNYG_09305 PE=3 SV=1	Gibberella nygamai	403	1502	75.3	85.6	0.0
883	TR	A0A1L7V5W3	S-adenosylmethionine synthase OS=Fusarium proliferatum (strain ET1) OX=1227346 GN=FPRO_01204 PE=3 SV=1	Fusarium proliferatum (strain ET1)	403	1502	75.3	85.6	0.0
884	TR	X0M2Z6	S-adenosylmethionine synthase OS=Fusarium oxysporum f. sp. vasinfectum 25433 OX=1089449 GN=FOTG_06102 PE=3 SV=1	Fusarium oxysporum f. sp. vasinfectum 25433	403	1502	75.3	85.6	0.0
885	TR	A0AAE0IST4	S-adenosylmethionine synthase OS=Apodospora peruviana OX=516989 GN=B0H66DRAFT_572492 PE=3 SV=1	Apodospora peruviana	404	1502	75.1	86.4	0.0
886	TR	A0A8H5WHL0	S-adenosylmethionine synthase OS=Fusarium denticulatum OX=48507 GN=FDENT_13220 PE=3 SV=1	Fusarium denticulatum	403	1502	75.3	85.6	0.0
887	TR	A0A559L832	S-adenosylmethionine synthase OS=Fusarium oxysporum f. sp. cubense OX=61366 GN=eth-1 PE=3 SV=1	Fusarium oxysporum f. sp. cubense	403	1502	75.3	85.6	0.0
888	TR	A0A081CM00	S-adenosylmethionine synthase OS=Pseudozyma antarctica OX=84753 GN=PAN0_020c5925 PE=3 SV=1	Pseudozyma antarctica	389	1502	74.2	87.6	0.0
889	TR	W9QDR6	S-adenosylmethionine synthase OS=Fusarium oxysporum f. sp. pisi HDV247 OX=1080344 GN=FOVG_00841 PE=3 SV=1	Fusarium oxysporum f. sp. pisi HDV247	403	1502	75.3	85.6	0.0
890	TR	A0A365N6E9	S-adenosylmethionine synthase OS=Gibberella intermedia OX=948311 GN=BFJ72_g9869 PE=3 SV=1	Gibberella intermedia	403	1502	75.3	85.6	0.0
891	TR	A0A2H3T1E6	S-adenosylmethionine synthase OS=Fusarium oxysporum OX=5507 GN=BFJ68_g4954 PE=3 SV=1	Fusarium oxysporum	403	1502	75.3	85.6	0.0
892	TR	X0KRX3	S-adenosylmethionine synthase OS=Fusarium odoratissimum (strain NRRL 54006) OX=1089451 GN=FOIG_01154 PE=3 SV=1	Fusarium odoratissimum (strain NRRL 54006)	403	1502	75.3	85.6	0.0
893	TR	X0B5J2	S-adenosylmethionine synthase OS=Fusarium oxysporum f. sp. melonis 26406 OX=1089452 GN=FOMG_01356 PE=3 SV=1	Fusarium oxysporum f. sp. melonis 26406	403	1502	75.3	85.6	0.0
894	TR	W7LC88	S-adenosylmethionine synthase OS=Gibberella moniliformis (strain M3125 / FGSC 7600) OX=334819 GN=FVEG_00882 PE=3 SV=1	Gibberella moniliformis (strain M3125 / FGSC 7600)	403	1502	75.3	85.6	0.0
895	TR	A0A101MCS7	S-adenosylmethionine synthase OS=Penicillium freii OX=48697 GN=ACN42_g9000 PE=3 SV=1	Penicillium freii	387	1502	74.3	85.6	0.0
896	TR	A0A165JII4	S-adenosylmethionine synthase OS=Xylona heveae (strain CBS 132557 / TC161) OX=1328760 GN=L228DRAFT_235378 PE=3 SV=1	Xylona heveae (strain CBS 132557 / TC161)	390	1502	76.0	85.2	0.0
897	TR	A0A1L7SJC8	S-adenosylmethionine synthase OS=Fusarium mangiferae OX=192010 GN=FMAN_01157 PE=3 SV=1	Fusarium mangiferae	403	1502	75.3	85.6	0.0
898	TR	A0A8H5RGX4	S-adenosylmethionine synthase OS=Fusarium sp. NRRL 25303 OX=122381 GN=F25303_9252 PE=3 SV=1	Fusarium sp. NRRL 25303	403	1502	75.3	85.6	0.0
899	TR	A0A8H5K7D2	S-adenosylmethionine synthase OS=Fusarium phyllophilum OX=47803 GN=FPHYL_2371 PE=3 SV=1	Fusarium phyllophilum	403	1502	75.3	85.6	0.0
900	TR	A0AAD6GRZ7	S-adenosylmethionine synthase OS=Penicillium hordei OX=40994 GN=N7537_011684 PE=3 SV=1	Penicillium hordei	387	1502	74.3	85.6	0.0
901	TR	A0A1V6NGG1	S-adenosylmethionine synthase OS=Penicillium polonicum OX=60169 GN=PENPOL_c009G06030 PE=3 SV=1	Penicillium polonicum	387	1502	74.3	85.6	0.0
902	TR	A0A9P8IU44	S-adenosylmethionine synthase OS=Fusarium musae OX=1042133 GN=ETH1 PE=3 SV=1	Fusarium musae	403	1502	75.3	85.6	0.0
903	TR	A0A0D2X9R5	S-adenosylmethionine synthase OS=Fusarium oxysporum (strain Fo5176) OX=660025 GN=28942933 PE=3 SV=1	Fusarium oxysporum (strain Fo5176)	403	1502	75.3	85.6	0.0
904	TR	A0A428UI04	S-adenosylmethionine synthase OS=Fusarium oligoseptatum OX=2604345 GN=CEP52_001621 PE=3 SV=1	Fusarium oligoseptatum	481	1502	75.1	85.8	0.0
905	TR	A0A428P0U0	S-adenosylmethionine synthase (Fragment) OS=Fusarium floridanum OX=1325733 GN=CEP51_015900 PE=3 SV=1	Fusarium floridanum	443	1502	75.1	85.8	0.0
906	TR	A0A3M2RWB9	S-adenosylmethionine synthase OS=Fusarium kuroshium OX=2010991 GN=CDV36_010773 PE=3 SV=1	Fusarium kuroshium	481	1502	75.1	85.8	0.0
907	TR	A0A0J9U6H4	S-adenosylmethionine synthase OS=Fusarium oxysporum f. sp. lycopersici (strain 4287 / CBS 123668 / FGSC 9935 / NRRL 34936) OX=426428 GN=FOXG_00630 PE=3 SV=1	Fusarium oxysporum f. sp. lycopersici (strain 4287 / CBS 123668 / FGSC 9935 / NRRL 34936)	403	1502	75.3	85.6	0.0
908	TR	A0A8J5UIG0	S-adenosylmethionine synthase OS=Fusarium oxysporum f. sp. raphani OX=96318 GN=eth-1 PE=3 SV=1	Fusarium oxysporum f. sp. raphani	403	1502	75.3	85.6	0.0
909	TR	A0A9P7L070	S-adenosylmethionine synthase OS=Fusarium xylarioides OX=221167 GN=H9Q72_012770 PE=3 SV=1	Fusarium xylarioides	403	1502	75.3	85.6	0.0
910	TR	A0A9P8TSP9	S-adenosylmethionine synthase OS=Trichoderma cornu-damae OX=654480 GN=Trco_005564 PE=3 SV=1	Trichoderma cornu-damae	391	1502	76.4	85.3	0.0
911	TR	A0A074SX47	S-adenosylmethionine synthase OS=Rhizoctonia solani 123E OX=1423351 GN=V565_016790 PE=3 SV=1	Rhizoctonia solani 123E	392	1502	73.9	87.4	0.0
912	TR	A0A2H3I2S8	S-adenosylmethionine synthase OS=Fusarium oxysporum f. sp. radicis-cucumerinum OX=327505 GN=AU210_001174 PE=3 SV=1	Fusarium oxysporum f. sp. radicis-cucumerinum	403	1502	75.3	85.6	0.0
913	TR	A0A9W9LDT9	S-adenosylmethionine synthase OS=Penicillium capsulatum OX=69766 GN=N7492_010371 PE=3 SV=1	Penicillium capsulatum	390	1501	75.4	85.4	0.0
914	TR	A0A1J7J5Q7	S-adenosylmethionine synthase OS=Coniochaeta ligniaria NRRL 30616 OX=1408157 GN=CONLIGDRAFT_59095 PE=3 SV=1	Coniochaeta ligniaria NRRL 30616	404	1501	75.1	86.4	0.0
915	TR	A0A427YF26	S-adenosylmethionine synthase OS=Saitozyma podzolica OX=1890683 GN=SAM2 PE=3 SV=1	Saitozyma podzolica	396	1501	76.4	86.1	0.0
916	TR	A0A8H4CY46	S-adenosylmethionine synthase OS=Colletotrichum gloeosporioides OX=474922 GN=GCG54_00009960 PE=3 SV=1	Colletotrichum gloeosporioides	396	1501	74.8	85.8	0.0
917	TR	A0A8H4WH73	S-adenosylmethionine synthase OS=Penicillium sp. str. #12 OX=2720512 GN=HAV15_009484 PE=3 SV=1	Penicillium sp. str. #12	387	1501	74.3	85.6	0.0
918	TR	A0A0C3FIP7	S-adenosylmethionine synthase OS=Piloderma croceum (strain F 1598) OX=765440 GN=PILCRDRAFT_823202 PE=3 SV=1	Piloderma croceum (strain F 1598)	393	1501	75.5	86.3	0.0
919	TR	T0JZI3	S-adenosylmethionine synthase OS=Colletotrichum gloeosporioides (strain Cg-14) OX=1237896 GN=CGLO_11896 PE=3 SV=1	Colletotrichum gloeosporioides (strain Cg-14)	396	1501	74.8	85.8	0.0
920	TR	A0AAN6MH23	S-adenosylmethionine synthase OS=Staphylotrichum tortipilum OX=2831512 GN=C8A05DRAFT_35931 PE=3 SV=1	Staphylotrichum tortipilum	402	1501	75.3	85.6	0.0
921	TR	A0AA39GLG2	S-adenosylmethionine synthase OS=Sarocladium strictum OX=5046 GN=NLU13_3140 PE=3 SV=1	Sarocladium strictum	395	1501	75.1	85.8	0.0
922	TR	A0A2D3V1L2	S-adenosylmethionine synthase OS=Ramularia collo-cygni OX=112498 GN=RCC_00096 PE=3 SV=1	Ramularia collo-cygni	394	1501	73.0	86.6	0.0
923	TR	A0A0C3S1D0	S-adenosylmethionine synthase OS=Phlebiopsis gigantea (strain 11061_1 CR5-6) OX=745531 GN=PHLGIDRAFT_68547 PE=3 SV=1	Phlebiopsis gigantea (strain 11061_1 CR5-6)	392	1501	74.7	86.5	0.0
924	TR	A0AAN7ASL3	S-adenosylmethionine synthase OS=Triangularia verruculosa OX=2587418 GN=QBC40DRAFT_80473 PE=3 SV=1	Triangularia verruculosa	405	1501	74.8	86.4	0.0
925	TR	A0A0M9WII6	S-adenosylmethionine synthase OS=Penicillium nordicum OX=229535 GN=ACN38_g2894 PE=3 SV=1	Penicillium nordicum	387	1501	74.3	85.6	0.0
926	TR	A0AAD4L834	S-adenosylmethionine synthase OS=Lactarius akahatsu OX=416441 GN=EDB92DRAFT_2071209 PE=3 SV=1	Lactarius akahatsu	392	1501	74.9	86.5	0.0
927	TR	A0AAI9TCP0	S-adenosylmethionine synthase OS=Penicillium thymicola OX=293382 GN=eth1 PE=3 SV=1	Penicillium thymicola	387	1501	74.3	85.6	0.0
928	TR	A0A1V6RDY0	S-adenosylmethionine synthase OS=Penicillium solitum OX=60172 GN=PENSOL_c006G03623 PE=3 SV=1	Penicillium solitum	387	1501	74.3	85.6	0.0
929	TR	A0A166N308	S-adenosylmethionine synthase OS=Ascosphaera apis ARSEF 7405 OX=392613 GN=AAP_05643 PE=3 SV=1	Ascosphaera apis ARSEF 7405	386	1501	75.3	85.6	0.0
930	TR	A0A077RC10	S-adenosylmethionine synthase OS=Melanopsichium pennsylvanicum 4 OX=1398559 PE=3 SV=1	Melanopsichium pennsylvanicum 4	389	1500	74.5	87.4	0.0
931	TR	A0A8H3HMD6	S-adenosylmethionine synthase OS=Rhizoctonia solani OX=456999 GN=RDB_LOCUS123324 PE=3 SV=1	Rhizoctonia solani	393	1500	73.7	87.4	0.0
932	TR	A0A0K6FPB0	S-adenosylmethionine synthase OS=Rhizoctonia solani OX=456999 GN=sam1 PE=3 SV=1	Rhizoctonia solani	392	1500	74.2	87.4	0.0
933	TR	A0A1X6NA21	S-adenosylmethionine synthase OS=Postia placenta MAD-698-R-SB12 OX=670580 GN=POSPLADRAFT_1134325 PE=3 SV=1	Postia placenta MAD-698-R-SB12	393	1500	74.4	86.8	0.0
934	TR	A0A5N5KJK0	S-adenosylmethionine synthase OS=Coniochaeta sp. 2T2.1 OX=1571157 GN=GE09DRAFT_1228486 PE=3 SV=1	Coniochaeta sp. 2T2.1	404	1500	74.8	85.6	0.0
935	TR	A0A2T4AQK4	S-adenosylmethionine synthase OS=Trichoderma harzianum CBS 226.95 OX=983964 GN=M431DRAFT_76897 PE=3 SV=1	Trichoderma harzianum CBS 226.95	391	1500	75.9	85.6	0.0
936	TR	A0A0D2BP35	S-adenosylmethionine synthase OS=Exophiala oligosperma OX=215243 GN=PV06_09067 PE=3 SV=1	Exophiala oligosperma	391	1500	74.9	85.0	0.0
937	TR	A0AAJ4XQ32	S-adenosylmethionine synthase OS=Melanopsichium pennsylvanicum OX=63383 GN=MEPE_05113 PE=3 SV=1	Melanopsichium pennsylvanicum	389	1500	74.5	87.4	0.0
938	TR	A0A7D5V4W7	S-adenosylmethionine synthase OS=Metarhizium brunneum OX=500148 GN=eth-1 PE=3 SV=1	Metarhizium brunneum	394	1500	75.9	85.3	0.0
939	TR	A0A8K0NSE4	S-adenosylmethionine synthase OS=Filobasidium floriforme OX=5210 GN=FFLO_01663 PE=3 SV=1	Filobasidium floriforme	401	1500	75.9	86.6	0.0
940	TR	A0A0C3DIU4	S-adenosylmethionine synthase OS=Oidiodendron maius (strain Zn) OX=913774 GN=OIDMADRAFT_28061 PE=3 SV=1	Oidiodendron maius (strain Zn)	394	1500	74.5	85.5	0.0
941	TR	A0A0F4YWI9	S-adenosylmethionine synthase OS=Rasamsonia emersonii CBS 393.64 OX=1408163 GN=T310_3544 PE=3 SV=1	Rasamsonia emersonii CBS 393.64	385	1500	75.0	85.8	0.0
942	TR	A0A8H7P170	S-adenosylmethionine synthase OS=Rhodonia placenta OX=104341 GN=IEO21_05882 PE=3 SV=1	Rhodonia placenta	393	1500	74.4	86.8	0.0
943	TR	A0AA39D318	S-adenosylmethionine synthase OS=Knufia peltigerae OX=1002370 GN=SAM2 PE=3 SV=1	Knufia peltigerae	391	1500	74.9	85.0	0.0
944	TR	A0A6A6J628	S-adenosylmethionine synthase OS=Westerdykella ornata OX=318751 GN=EI97DRAFT_261562 PE=3 SV=1	Westerdykella ornata	394	1500	75.0	85.0	0.0
945	TR	B6QS50	S-adenosylmethionine synthase OS=Talaromyces marneffei (strain ATCC 18224 / CBS 334.59 / QM 7333) OX=441960 GN=PMAA_043760 PE=3 SV=1	Talaromyces marneffei (strain ATCC 18224 / CBS 334.59 / QM 7333)	389	1499	73.4	85.8	0.0
946	TR	A0A8H3C2U7	S-adenosylmethionine synthase OS=Rhizoctonia solani OX=456999 GN=RDB_LOCUS105495 PE=3 SV=1	Rhizoctonia solani	392	1499	73.9	87.4	0.0
947	TR	A0A438NHA7	S-adenosylmethionine synthase OS=Exophiala mesophila OX=212818 GN=B0A52_01377 PE=3 SV=1	Exophiala mesophila	392	1499	75.7	85.8	0.0
948	TR	A0AAD9MD92	S-adenosylmethionine synthase OS=Phyllachora maydis OX=1825666 GN=P8C59_004232 PE=3 SV=1	Phyllachora maydis	405	1499	74.3	86.6	0.0
949	TR	A0AAV9GL22	S-adenosylmethionine synthase OS=Podospora aff. communis PSN243 OX=3040156 GN=QBC34DRAFT_299098 PE=3 SV=1	Podospora aff. communis PSN243	403	1499	75.1	85.8	0.0
950	TR	A0A6A6NV15	S-adenosylmethionine synthase OS=Lineolata rhizophorae OX=578093 GN=BDY21DRAFT_289561 PE=3 SV=1	Lineolata rhizophorae	398	1499	74.7	85.5	0.0
951	TR	A0AA39XGZ4	S-adenosylmethionine synthase OS=Immersiella caudata OX=314043 GN=B0T14DRAFT_533668 PE=3 SV=1	Immersiella caudata	403	1499	75.1	85.8	0.0
952	TR	A0A8H3ERY7	S-adenosylmethionine synthase OS=Heterodermia speciosa OX=116794 GN=SAM2 PE=3 SV=1	Heterodermia speciosa	393	1499	74.5	86.3	0.0
953	TR	A0A6A5Z7T9	S-adenosylmethionine synthase OS=Lophiotrema nucula OX=690887 GN=BDV96DRAFT_646568 PE=3 SV=1	Lophiotrema nucula	393	1499	75.7	84.7	0.0
954	TR	A0AAN6Z6U0	S-adenosylmethionine synthase OS=Parathielavia appendiculata OX=2587402 GN=N657DRAFT_677856 PE=3 SV=1	Parathielavia appendiculata	403	1499	75.3	85.3	0.0
955	TR	A0AAF0ISN1	S-adenosylmethionine synthase OS=Malassezia obtusa OX=76774 GN=SAM2 PE=3 SV=1	Malassezia obtusa	388	1499	74.5	87.4	0.0
956	TR	A0AAV9JIM1	S-adenosylmethionine synthase OS=Oleoguttula mirabilis OX=1507867 GN=ETH1 PE=3 SV=1	Oleoguttula mirabilis	394	1499	75.4	85.4	0.0
957	TR	A0A9N9XXP0	S-adenosylmethionine synthase OS=Clonostachys byssicola OX=160290 GN=CBYS24578_00000357 PE=3 SV=1	Clonostachys byssicola	394	1498	76.3	85.5	0.0
958	TR	A0A084QRH2	S-adenosylmethionine synthase OS=Stachybotrys chlorohalonatus (strain IBT 40285) OX=1283841 GN=S40285_00674 PE=3 SV=1	Stachybotrys chlorohalonatus (strain IBT 40285)	395	1498	75.1	85.0	0.0
959	TR	A0A5B1QIM1	S-adenosylmethionine synthase OS=Dentipellis sp. KUC8613 OX=1883078 GN=DENSPDRAFT_834765 PE=3 SV=1	Dentipellis sp. KUC8613	392	1498	74.6	87.3	0.0
960	TR	A0A9P6L8T8	S-adenosylmethionine synthase OS=Thelephora terrestris OX=56493 GN=BJ322DRAFT_1018512 PE=3 SV=1	Thelephora terrestris	394	1498	73.8	86.8	0.0
961	TR	A0A9W4UFV8	S-adenosylmethionine synthase OS=Periconia digitata OX=1303443 GN=PDIGIT_LOCUS8269 PE=3 SV=1	Periconia digitata	391	1498	75.5	85.2	0.0
962	TR	A0AA35Q8G7	S-adenosylmethionine synthase OS=Clonostachys chloroleuca OX=1926264 GN=CCHLO57077_00005420 PE=3 SV=1	Clonostachys chloroleuca	394	1498	76.3	85.5	0.0
963	TR	A0A9P2ZTQ6	S-adenosylmethionine synthase OS=Saitozyma sp. JCM 24511 OX=1639000 GN=JCM24511_02498 PE=3 SV=1	Saitozyma sp. JCM 24511	396	1498	76.1	86.1	0.0
964	TR	A0A9P9Y3E2	S-adenosylmethionine synthase OS=Emericellopsis cladophorae OX=2686198 GN=J7T54_002441 PE=3 SV=1	Emericellopsis cladophorae	394	1498	76.1	85.5	0.0
965	TR	A0A3M2STT2	S-adenosylmethionine synthase OS=Aspergillus sp. HF37 OX=1960876 GN=PHISP_08175 PE=3 SV=1	Aspergillus sp. HF37	392	1498	74.2	85.3	0.0
966	TR	W9XMQ2	S-adenosylmethionine synthase OS=Capronia coronata CBS 617.96 OX=1182541 GN=A1O1_09006 PE=3 SV=1	Capronia coronata CBS 617.96	391	1498	76.0	85.0	0.0
967	TR	A0AAN8ENP6	S-adenosylmethionine synthase OS=Knufia fluminis OX=191047 GN=SAM2 PE=3 SV=1	Knufia fluminis	395	1498	73.9	85.0	0.0
968	TR	A0A428QQ97	S-adenosylmethionine synthase OS=Fusarium duplospermum OX=1325734 GN=CEP54_003223 PE=3 SV=1	Fusarium duplospermum	403	1498	74.8	85.8	0.0
969	TR	U1GQH8	S-adenosylmethionine synthase OS=Endocarpon pusillum (strain Z07020 / HMAS-L-300199) OX=1263415 GN=EPUS_00723 PE=3 SV=1	Endocarpon pusillum (strain Z07020 / HMAS-L-300199)	392	1498	76.7	85.4	0.0
970	TR	A0A0B7JPK9	S-adenosylmethionine synthase OS=Bionectria ochroleuca OX=29856 GN=BN869_000002973_1 PE=3 SV=1	Bionectria ochroleuca	394	1498	76.3	85.5	0.0
971	TR	A0A166UW31	S-adenosylmethionine synthase OS=Moelleriella libera RCEF 2490 OX=1081109 GN=AAL_00497 PE=3 SV=1	Moelleriella libera RCEF 2490	394	1498	75.9	85.3	0.0
972	TR	A0A4Y9Z0G9	S-adenosylmethionine synthase OS=Rhodofomes roseus OX=34475 GN=EVJ58_g1095 PE=3 SV=1	Rhodofomes roseus	1309	1498	74.4	86.5	0.0
973	TR	A0A1L9P7L7	S-adenosylmethionine synthase OS=Aspergillus versicolor CBS 583.65 OX=1036611 GN=ASPVEDRAFT_79190 PE=3 SV=1	Aspergillus versicolor CBS 583.65	408	1498	71.9	82.5	0.0
974	TR	A0AAN6PCW4	S-adenosylmethionine synthase OS=Parachaetomium inaequale OX=2588326 GN=C8A01DRAFT_18143 PE=3 SV=1	Parachaetomium inaequale	398	1498	74.8	86.1	0.0
975	TR	A0A9P6UE13	S-adenosylmethionine synthase OS=Linnemannia gamsii OX=64522 GN=SAM2 PE=3 SV=1	Linnemannia gamsii	383	1498	73.6	85.4	0.0
976	TR	A0A8H7E2A1	S-adenosylmethionine synthase OS=Endocarpon pusillum OX=364733 GN=GJ744_000715 PE=3 SV=1	Endocarpon pusillum	392	1498	76.7	85.4	0.0
977	TR	A0AAD5F2R4	S-adenosylmethionine synthase OS=Fusarium sp. LHS14.1 OX=2898545 GN=NCS52_00682000 PE=3 SV=1	Fusarium sp. LHS14.1	403	1497	74.8	86.1	0.0
978	TR	A0A0D2IYI7	S-adenosylmethionine synthase OS=Rhinocladiella mackenziei CBS 650.93 OX=1442369 GN=Z518_03087 PE=3 SV=1	Rhinocladiella mackenziei CBS 650.93	391	1497	76.3	85.0	0.0
979	TR	A0AAJ0FM98	S-adenosylmethionine synthase OS=Conoideocrella luteorostrata OX=1105319 GN=SAM2 PE=3 SV=1	Conoideocrella luteorostrata	394	1497	75.3	85.0	0.0
980	TR	A0A084FY32	S-adenosylmethionine synthase OS=Pseudallescheria apiosperma OX=563466 GN=SAPIO_CDS8976 PE=3 SV=1	Pseudallescheria apiosperma	404	1497	74.5	85.8	0.0
981	TR	A0A8K0PUL0	S-adenosylmethionine synthase OS=Chaetomium sp. MPI-SDFR-AT-0129 OX=2823209 GN=B0J18DRAFT_364212 PE=3 SV=1	Chaetomium sp. MPI-SDFR-AT-0129	399	1497	75.3	85.0	0.0
982	TR	A0A9P8IGH4	S-adenosylmethionine synthase OS=Glutinoglossum americanum OX=1670608 GN=FGG08_001725 PE=3 SV=1	Glutinoglossum americanum	390	1496	74.7	86.5	0.0
983	TR	A0A9P9N2C4	S-adenosylmethionine synthase OS=Pyrenochaeta sp. MPI-SDFR-AT-0127 OX=2829485 GN=BKA66DRAFT_445805 PE=3 SV=1	Pyrenochaeta sp. MPI-SDFR-AT-0127	395	1496	75.4	84.9	0.0
984	TR	A0A084B4Q0	S-adenosylmethionine synthase OS=Stachybotrys chartarum (strain CBS 109288 / IBT 7711) OX=1280523 GN=S7711_05602 PE=3 SV=1	Stachybotrys chartarum (strain CBS 109288 / IBT 7711)	398	1496	75.1	84.8	0.0
985	TR	E9EW80	S-adenosylmethionine synthase OS=Metarhizium robertsii (strain ARSEF 23 / ATCC MYA-3075) OX=655844 GN=MAA_04279 PE=3 SV=1	Metarhizium robertsii (strain ARSEF 23 / ATCC MYA-3075)	394	1496	75.6	85.0	0.0
986	TR	A0A0D9NYS5	S-adenosylmethionine synthase OS=Metarhizium anisopliae BRIP 53293 OX=1291518 GN=H634G_05796 PE=3 SV=1	Metarhizium anisopliae BRIP 53293	394	1496	75.6	85.0	0.0
987	TR	A0A1W5D2V4	S-adenosylmethionine synthase OS=Lasallia pustulata OX=136370 PE=3 SV=1	Lasallia pustulata	468	1496	75.3	84.2	0.0
988	TR	A0A5M8PPM9	S-adenosylmethionine synthase OS=Lasallia pustulata OX=136370 GN=FRX48_05190 PE=3 SV=1	Lasallia pustulata	468	1496	75.3	84.2	0.0
989	TR	A0A1X2GKG8	S-adenosylmethionine synthase OS=Hesseltinella vesiculosa OX=101127 GN=DM01DRAFT_1304327 PE=3 SV=1	Hesseltinella vesiculosa	384	1496	72.9	86.3	0.0
990	TR	A0A369HBT4	S-adenosylmethionine synthase OS=Ophiocordyceps camponoti-saundersi (nom. inval.) OX=2039874 GN=CP533_6551 PE=3 SV=1	Ophiocordyceps camponoti-saundersi (nom. inval.)	398	1496	75.0	85.5	0.0
991	TR	A0A9P8M8P1	S-adenosylmethionine synthase OS=Metarhizium humberi OX=2596975 GN=MHUMG1_06788 PE=3 SV=1	Metarhizium humberi	394	1496	75.6	85.0	0.0
992	TR	A0A9P8CNP5	S-adenosylmethionine synthase OS=Emericellopsis atlantica OX=2614577 GN=F5Z01DRAFT_637544 PE=3 SV=1	Emericellopsis atlantica	394	1496	75.8	85.8	0.0
993	TR	A0A1E3IM17	S-adenosylmethionine synthase OS=Cryptococcus wingfieldii CBS 7118 OX=1295528 GN=L198_06326 PE=3 SV=1	Cryptococcus wingfieldii CBS 7118	394	1496	75.5	86.5	0.0
994	TR	A0AAN6UZW1	S-adenosylmethionine synthase OS=Dichotomopilus funicola OX=1934379 GN=C8A04DRAFT_13508 PE=3 SV=1	Dichotomopilus funicola	399	1496	75.1	85.0	0.0
995	TR	A0A6G1GDL9	S-adenosylmethionine synthase OS=Eremomyces bilateralis CBS 781.70 OX=1392243 GN=P152DRAFT_114126 PE=3 SV=1	Eremomyces bilateralis CBS 781.70	390	1496	73.2	86.5	0.0
996	TR	A0A2A9P5C6	S-adenosylmethionine synthase OS=Ophiocordyceps unilateralis OX=268505 GN=XA68_16973 PE=3 SV=1	Ophiocordyceps unilateralis	433	1496	74.8	85.6	0.0
997	TR	A0A0A1UYM2	S-adenosylmethionine synthase OS=Metarhizium robertsii OX=568076 GN=X797_004112 PE=3 SV=1	Metarhizium robertsii	394	1496	75.6	85.0	0.0
998	TR	A0A5C3NBL4	S-adenosylmethionine synthase OS=Heliocybe sulcata OX=5364 GN=OE88DRAFT_1653201 PE=3 SV=1	Heliocybe sulcata	386	1496	74.7	86.3	0.0
999	TR	A0A0B4H4W0	S-adenosylmethionine synthase OS=Metarhizium guizhouense (strain ARSEF 977) OX=1276136 GN=MGU_02933 PE=3 SV=1	Metarhizium guizhouense (strain ARSEF 977)	394	1496	75.6	85.0	0.0
1000	TR	A0AA40AN65	S-adenosylmethionine synthase OS=Apiosordaria backusii OX=314023 GN=B0T21DRAFT_386579 PE=3 SV=1	Apiosordaria backusii	408	1496	74.8	85.8	0.0
